,steam_appid,name,name_slug,header_image,reviews_total,reviews_score_fancy,unfiltered_reviews_total,unfiltered_reviews_steam_purchase,metacritic_score,hidden_gem_score,steam_release_date,current_price_usd,base_price_usd,is_free,is_f2p,coming_soon,peak_ccu,followers,early_access,current_topsellers_rank,opencritic_score,playtracker_insight_rank,reviews_7day,reviews_30day,reviews_90day,launch_price,developer_ids,publisher_ids,developer,publisher
0,1731850,Prop Factory,prop_factory,https://cdn.cloudflare.steamstatic.com/steam/apps/1731850/header.jpg?t=1631272424,-1,-1,2,1,-1,-1,2021-09-10,99,99,0,0,0,1,7,-2,-1,,,-1,-1,-1,199.0,50885,50885,lbdl GameStudio,lbdl GameStudio
1,1731860,Space Adventures,space_adventures,https://cdn.cloudflare.steamstatic.com/steam/apps/1731860/header.jpg?t=1631031521,-1,-1,3,2,-1,-1,2021-09-07,999,999,0,0,0,1,7,-2,-1,,,-1,-1,-1,999.0,50889,50889,Neki4 Electronics,Neki4 Electronics
2,1731880,Upgrade VR,upgrade_vr,https://cdn.cloudflare.steamstatic.com/steam/apps/1731880/header.jpg?t=1631789031,-1,-1,9,-1,-1,-1,2021-09-13,0,0,1,0,0,2,17,1,-1,,,-1,-1,-1,,50886,50886,Mental Tech LLC,Mental Tech LLC
3,1731930,Engineer Alpha,engineer_alpha,https://cdn.cloudflare.steamstatic.com/steam/apps/1731930/header.jpg?t=1646686269,-1,-1,6,6,-1,-1,2021-11-10,699,699,0,0,0,2,58,1,-1,,,-1,-1,-1,,52042,52042,Aaron Worcester,Aaron Worcester
4,1732060,Makai Kingdom: Reclaimed and Rebound,makai_kingdom_reclaimed_and_rebound,https://cdn.cloudflare.steamstatic.com/steam/apps/1732060/header.jpg?t=1643307433,-1,-1,-1,-1,-1,-1,2022-05-10,0,0,0,0,1,-1,520,-2,-1,,,-1,-1,-1,,6231,828,"Nippon Ichi Software, Inc.","NIS America, Inc."
5,1732070,ZHP: Unlosing Ranger vs. Darkdeath Evilman,zhp_unlosing_ranger_vs_darkdeath_evilman,https://cdn.cloudflare.steamstatic.com/steam/apps/1732070/header.jpg?t=1643238941,-1,-1,-1,-1,-1,-1,2022-05-10,0,0,0,0,1,-1,278,-2,-1,,,-1,-1,-1,,"4670,6231",828,"Codeglue, Nippon Ichi Software, Inc.","NIS America, Inc."
6,1732090,Words Can Kill,words_can_kill,https://cdn.cloudflare.steamstatic.com/steam/apps/1732090/header.jpg?t=1645577748,-1,-1,-1,-1,-1,-1,2022-05-31,0,0,0,0,1,-1,168,-2,-1,,,-1,-1,-1,,50139,50139,Typing Monkey,Typing Monkey
7,1732120,Paper Mages,paper_mages,https://cdn.cloudflare.steamstatic.com/steam/apps/1732120/header.jpg?t=1644802119,-1,-1,-1,-1,-1,-1,2023-05-18,0,0,0,0,1,-1,7,-2,-1,,,-1,-1,-1,,51583,51583,Gently Giant LLC,Gently Giant LLC
8,1732170,Seqitaire,seqitaire,https://cdn.cloudflare.steamstatic.com/steam/apps/1732170/header.jpg?t=1645141419,-1,-1,-1,-1,-1,-1,1970-01-01,0,0,0,0,1,-1,-1,-2,-1,,,-1,-1,-1,,46755,46755,DC Creation Studios,DC Creation Studios
9,1732180,Kaiju Princess,kaiju_princess,https://cdn.cloudflare.steamstatic.com/steam/apps/1732180/header.jpg?t=1645366411,-1,-1,-1,-1,-1,-1,2022-06-30,0,0,0,0,1,-1,1072,-2,-1,,,-1,-1,-1,,53229,50474,PantyParrot,Mango Party
10,1732260,Lucent Bounds,lucent_bounds,https://cdn.cloudflare.steamstatic.com/steam/apps/1732260/header.jpg?t=1637728926,-1,-1,2,2,-1,-1,2021-11-23,499,499,0,0,0,1,7,-2,-1,,,-1,-1,-1,499.0,51461,51461,Peartree Games,Peartree Games
11,1732270,Tanhaji - The Lion Maratha Warrior of Ch. Shivaji,tanhaji_the_lion_maratha_warrior_of_ch_shivaji,https://cdn.cloudflare.steamstatic.com/steam/apps/1732270/header.jpg?t=1641007364,-1,-1,-1,-1,-1,-1,2021-10-04,1199,1199,0,0,0,-1,17,-2,-1,,,-1,-1,-1,1499.0,52309,52310,AbracaDabra Software Solutions,AbracaDabra Software Solutions Pvt. Ltd.
12,1732310,Her Jentle Hi-ness,her_jentle_hi_ness,https://cdn.cloudflare.steamstatic.com/steam/apps/1732310/header.jpg?t=1648202589,-1,-1,2,1,-1,-1,2022-03-24,1499,1499,0,0,0,2,28,-2,8630,,,-1,-1,-1,,19880,19880,Sky Bear Games,Sky Bear Games
13,1732480,Takkoman -Kouzatsu World-,takkoman_kouzatsu_world,https://cdn.cloudflare.steamstatic.com/steam/apps/1732480/header.jpg?t=1642923810,-1,-1,-1,-1,-1,-1,1970-01-01,0,0,0,0,1,-1,122,-2,-1,,33337.0,-1,-1,-1,,1920,546,illuCalab,PLAYISM
14,1732500,Raziel,raziel,https://cdn.cloudflare.steamstatic.com/steam/apps/1732500/header.jpg?t=1643901541,-1,-1,-1,-1,-1,-1,1970-01-01,0,0,1,0,1,-1,22,-2,-1,,,-1,-1,-1,,"50135,57017",50136,"Carlos Davilla, Cats From The Underground",Cats From The Underground
15,1732560,rodina.doc,rodinadoc,https://cdn.cloudflare.steamstatic.com/steam/apps/1732560/header.jpg?t=1644379801,-1,-1,-1,-1,-1,-1,1970-01-01,0,0,1,0,1,-1,31,-2,-1,,,-1,-1,-1,,"37697,51240",51240,"Octobear Knight Games, pain department",pain department
16,1732590,玄龙山,,https://cdn.cloudflare.steamstatic.com/steam/apps/1732590/header.jpg?t=1639469594,-1,-1,1,1,-1,-1,2021-12-14,764,899,0,0,0,-1,21,-2,-1,,,-1,-1,-1,899.0,51241,51241,Venter,Venter
17,1732660,Car Wash TD - Tower Defense,car_wash_td_tower_defense,https://cdn.cloudflare.steamstatic.com/steam/apps/1732660/header.jpg?t=1642794713,-1,-1,3,3,-1,-1,2021-12-29,999,999,0,0,0,2,27,-2,12094,,,-1,-1,-1,1499.0,50138,50138,Adam Atamnia,Adam Atamnia
18,1732720,周松传,,https://cdn.cloudflare.steamstatic.com/steam/apps/1732720/header.jpg?t=1633392154,-1,-1,8,7,-1,-1,2021-10-04,299,299,0,0,0,5,34,-2,-1,,,-1,-1,-1,799.0,51856,51856,周松传工作室,周松传工作室
19,1732730,Captures II,captures_ii,https://cdn.cloudflare.steamstatic.com/steam/apps/1732730/header.jpg?t=1631711423,-1,-1,-1,-1,-1,-1,2021-09-15,199,199,0,0,0,-1,7,-2,-1,,,-1,-1,-1,199.0,50760,50760,cosmic_dust,cosmic_dust
20,1732750,Havsala: Into the Soul Palace,havsala_into_the_soul_palace,https://cdn.cloudflare.steamstatic.com/steam/apps/1732750/header.jpg?t=1645183410,-1,-1,-1,-1,-1,-1,2022-04-30,0,0,0,0,1,-1,274,-2,-1,,,-1,-1,-1,,50883,50883,Stratera Games,Stratera Games
21,1732840,Destruction Dummies,destruction_dummies,https://cdn.cloudflare.steamstatic.com/steam/apps/1732840/header.jpg?t=1642493914,-1,-1,6,3,-1,-1,2021-12-23,499,999,0,0,0,2,14,-2,-1,,,-1,-1,-1,999.0,26949,26949,Hermit Mode,Hermit Mode
22,1732900,Spaceship Trouble,spaceship_trouble,https://cdn.cloudflare.steamstatic.com/steam/apps/1732900/header.jpg?t=1633327897,-1,-1,-1,-1,-1,-1,2021-09-09,89,899,0,0,0,-1,4,-2,16484,,,-1,-1,-1,899.0,50140,50150,TAUNT,Gales Corp.
23,1732910,Photography Simulator,photography_simulator,https://cdn.cloudflare.steamstatic.com/steam/apps/1732910/header.jpg?t=1644308320,-1,-1,-1,-1,-1,-1,1970-01-01,0,0,0,0,1,-1,2253,-2,-1,,,-1,-1,-1,,57961,"652,37708",Madnetic Games,"PlayWay S.A., Madnetic Games"
24,1732920,Bulanci,bulanci,https://cdn.cloudflare.steamstatic.com/steam/apps/1732920/header.jpg?t=1645041920,-1,-1,-1,-1,-1,-1,2022-12-31,0,0,0,0,1,-1,620,1,-1,,,-1,-1,-1,,54880,54880,SleepTeam,SleepTeam
25,1732930,Jolt Project,jolt_project,https://cdn.cloudflare.steamstatic.com/steam/apps/1732930/header.jpg?t=1637149386,-1,-1,-1,-1,-1,-1,2021-11-17,499,499,0,0,0,-1,4,-2,-1,,,-1,-1,-1,,54065,54065,Campião Games,Campião Games
26,1732980,TUNGUSKA: A Call in the Woods,tunguska_a_call_in_the_woods,https://cdn.cloudflare.steamstatic.com/steam/apps/1732980/header.jpg?t=1631908904,-1,-1,-1,-1,-1,-1,2022-12-31,0,0,0,0,1,-1,23,-2,-1,,,-1,-1,-1,,52119,52119,Dividebyzer0 team,Dividebyzer0 team
27,1733020,Dragon Throne Battle of Red Cliffs,dragon_throne_battle_of_red_cliffs,https://cdn.cloudflare.steamstatic.com/steam/apps/1733020/header.jpg?t=1631130926,-1,-1,-1,-1,-1,-1,2021-08-31,0,0,0,0,1,-1,474,-2,-1,,,-1,-1,-1,,51772,30,Object Software,Strategy First
28,1733050,Stardander School for Witches,stardander_school_for_witches,https://cdn.cloudflare.steamstatic.com/steam/apps/1733050/header.jpg?t=1643205259,-1,-1,-1,-1,-1,-1,1970-01-01,0,0,0,0,1,-1,91,-2,-1,,,-1,-1,-1,,5991,5991,Fancy Fish Games,Fancy Fish Games
29,1733080,Creatures Of War,creatures_of_war,https://cdn.cloudflare.steamstatic.com/steam/apps/1733080/header.jpg?t=1633615688,-1,-1,-1,-1,-1,-1,2023-03-31,0,0,0,0,1,-1,14,-2,-1,,,-1,-1,-1,,29667,29667,Chaos Entertainment,Chaos Entertainment
30,1733090,Station 35,station_35,https://cdn.cloudflare.steamstatic.com/steam/apps/1733090/header.jpg?t=1634754607,-1,-1,2,1,-1,-1,2021-10-20,899,899,0,0,0,1,7,-2,-1,,,-1,-1,-1,899.0,51830,51830,Lucy's Playground,Lucy's Playground
31,1733100,The Twins' Experiment,the_twins_experiment,https://cdn.cloudflare.steamstatic.com/steam/apps/1733100/header.jpg?t=1633102143,-1,-1,5,3,-1,-1,2021-10-01,199,199,0,0,0,-1,13,-2,-1,,,-1,-1,-1,599.0,51381,51381,P. Indie Games,P. Indie Games
32,1733110,Circle of Kerzoven,circle_of_kerzoven,https://cdn.cloudflare.steamstatic.com/steam/apps/1733110/header.jpg?t=1645284365,-1,-1,-1,-1,-1,-1,1970-01-01,0,0,0,0,1,-1,179,1,-1,,,-1,-1,-1,,50873,50873,Kerzoven,Kerzoven
33,1733140,pbk,pbk,https://cdn.cloudflare.steamstatic.com/steam/apps/1733140/header.jpg?t=1639968196,-1,-1,1,-1,-1,-1,2021-11-29,99,99,0,0,0,-1,4,-2,-1,,,-1,-1,-1,,52345,52345,reed,reed
34,1733190,Danplace,danplace,https://cdn.cloudflare.steamstatic.com/steam/apps/1733190/header.jpg?t=1634128056,-1,-1,5,5,-1,-1,2021-09-13,159,199,0,0,0,-1,10,-2,-1,,,-1,-1,-1,399.0,51373,51373,Terafox Studio,Terafox Studio
35,1733220,Pizza Party,pizza_party,https://cdn.cloudflare.steamstatic.com/steam/apps/1733220/header.jpg?t=1629959213,-1,-1,-1,-1,-1,-1,1970-01-01,0,0,0,0,1,-1,12,-2,-1,,,-1,-1,-1,,51375,51375,anypizza,anypizza
36,1733230,Vortex,vortex,https://cdn.cloudflare.steamstatic.com/steam/apps/1733230/header.jpg?t=1631199463,-1,-1,-1,-1,-1,-1,2021-09-09,149,299,0,0,0,-1,3,-2,-1,,,-1,-1,-1,299.0,51377,51377,Josh Woolley,Josh Woolley
37,1733250,Turbo Kid,turbo_kid,https://cdn.cloudflare.steamstatic.com/steam/apps/1733250/header.jpg?t=1643996005,-1,-1,-1,-1,-1,-1,1970-01-01,0,0,0,0,1,-1,399,-2,-1,,,-1,-1,-1,,10261,10261,Outerminds Inc.,Outerminds Inc.
38,1733270,Eelah,eelah,https://cdn.cloudflare.steamstatic.com/steam/apps/1733270/header.jpg?t=1630159770,-1,-1,-1,-1,-1,-1,2022-12-31,0,0,0,0,1,-1,66,-2,-1,,,-1,-1,-1,,50871,50871,SIMIT,SIMIT
39,1733310,One Fateful Night,one_fateful_night,https://cdn.cloudflare.steamstatic.com/steam/apps/1733310/header.jpg?t=1632141736,-1,-1,2,2,-1,-1,2021-09-20,499,499,0,0,0,-1,11,-2,-1,,,-1,-1,-1,499.0,51376,51376,Chaotic Vector Studios LLC,Chaotic Vector Studios LLC
40,1733400,The Final Frontier,the_final_frontier,https://cdn.cloudflare.steamstatic.com/steam/apps/1733400/header.jpg?t=1631466939,-1,-1,1,-1,-1,-1,2021-09-12,199,199,0,0,0,1,8,-2,-1,,,-1,-1,-1,199.0,51374,51374,DJ Games,DJ Games
41,1733440,My happy holiday with the queen,my_happy_holiday_with_the_queen,https://cdn.cloudflare.steamstatic.com/steam/apps/1733440/header.jpg?t=1643841022,-1,-1,-1,-1,-1,-1,1970-01-01,0,0,0,0,1,-1,393,-2,-1,,,-1,-1,-1,,53975,53975,Hera Games,Hera Games
42,1733460,Lirica,lirica,https://cdn.cloudflare.steamstatic.com/steam/apps/1733460/header.jpg?t=1634766983,-1,-1,9,-1,-1,-1,2021-10-20,0,0,1,0,0,1,33,-2,-1,,,-1,-1,-1,,54457,18375,Opera Haus,DigiPen Institute of Technology
43,1733480,Diner Bros Inc,diner_bros_inc,https://cdn.cloudflare.steamstatic.com/steam/apps/1733480/header.jpg?t=1631499791,-1,-1,12,7,-1,-1,2021-09-06,999,999,0,0,0,3,15,-2,11765,,,-1,-1,-1,999.0,50874,4607,JAYFLGAMES,JAYFLGAMES
44,1733540,Bit Sword,bit_sword,https://cdn.cloudflare.steamstatic.com/steam/apps/1733540/header.jpg?t=1631074413,-1,-1,-1,-1,-1,-1,2022-07-31,0,0,0,0,1,-1,5,-2,-1,,,-1,-1,-1,,51714,51714,Retro Fall Games,Retro Fall Games
45,1733600,Survival zone,survival_zone,https://cdn.cloudflare.steamstatic.com/steam/apps/1733600/header.jpg?t=1632126857,-1,-1,3,3,-1,-1,2021-09-20,199,199,0,0,0,11,3,-2,13922,,,-1,-1,-1,199.0,51610,51611,Kuimin,Company
46,1733620,Cursed Pantsu,cursed_pantsu,https://cdn.cloudflare.steamstatic.com/steam/apps/1733620/header.jpg?t=1638387341,-1,-1,-1,-1,-1,-1,1970-01-01,0,0,0,0,1,-1,106,-2,-1,,,-1,-1,-1,,18612,18612,Grim's Studio,Grim's Studio
47,1733830,Selfmade Devil,selfmade_devil,https://cdn.cloudflare.steamstatic.com/steam/apps/1733830/header.jpg?t=1631760628,-1,-1,2,-1,-1,-1,2021-09-15,99,99,0,0,0,4,7,1,-1,,,-1,-1,-1,,38662,38662,双星骑,双星骑
48,1733860,Slime Factory,slime_factory,https://cdn.cloudflare.steamstatic.com/steam/apps/1733860/header.jpg?t=1648029748,-1,-1,7,5,-1,-1,2022-03-23,599,599,0,0,0,1,63,-1,14893,,,-1,-1,-1,699.0,50875,50875,Blue Stone,Blue Stone
49,1733950,Galaxy's Edge,galaxys_edge,https://cdn.cloudflare.steamstatic.com/steam/apps/1733950/header.jpg?t=1633604960,-1,-1,1,1,-1,-1,2021-10-07,99,99,0,0,0,1,11,-2,-1,,,-1,-1,-1,99.0,52537,52537,Orb Studio,Orb Studio
50,1734000,Necropolis Suite,necropolis_suite,https://cdn.cloudflare.steamstatic.com/steam/apps/1734000/header.jpg?t=1630942040,-1,-1,-1,-1,-1,-1,1970-01-01,0,0,0,0,1,-1,103,-2,-1,,,-1,-1,-1,,51581,51581,Freesphere,Freesphere
51,1734040,Touhou Silver Night Festival ~ Freedom Train,touhou_silver_night_festival_freedom_train,https://cdn.cloudflare.steamstatic.com/steam/apps/1734040/header.jpg?t=1636130554,-1,-1,-1,-1,-1,-1,2021-12-31,0,0,0,0,1,-1,95,-2,-1,,,-1,-1,-1,,46426,46426,STUDIO POCO,STUDIO POCO
52,1734130,Concerto on White,concerto_on_white,https://cdn.cloudflare.steamstatic.com/steam/apps/1734130/header.jpg?t=1641268852,-1,-1,-1,-1,-1,-1,2022-05-31,0,0,0,0,1,-1,48,1,-1,,,-1,-1,-1,,53223,53223,C11 Games,C11 Games
53,1734150,BorderCollie Game 2 - Bordercollie Blaster Demo,bordercollie_game_2_bordercollie_blaster_demo,https://cdn.cloudflare.steamstatic.com/steam/apps/1734150/header.jpg?t=1631735304,-1,-1,-1,-1,-1,-1,2021-10-07,0,0,0,0,1,-1,-1,-2,-1,,,-1,-1,-1,,5094,5094,Craven,Craven
54,1734230,WHATEVER,whatever,https://cdn.cloudflare.steamstatic.com/steam/apps/1734230/header.jpg?t=1630582561,-1,-1,-1,-1,-1,-1,1970-01-01,0,0,0,0,1,-1,239,-2,-1,,,-1,-1,-1,,48752,48752,Napas Torteeka,Napas Torteeka
55,1734250,Triple Take,triple_take,https://cdn.cloudflare.steamstatic.com/steam/apps/1734250/header.jpg?t=1645181806,-1,-1,-1,-1,-1,-1,1970-01-01,0,0,0,0,1,-1,18,-2,-1,,,-1,-1,-1,,50131,50131,FlyAway,FlyAway
56,1734270,Royal Frontier,royal_frontier,https://cdn.cloudflare.steamstatic.com/steam/apps/1734270/header.jpg?t=1647620549,-1,-1,11,7,-1,-1,2022-03-18,699,699,0,0,0,4,62,-2,13770,,,-1,-1,-1,,44368,1725,Woblyware,Ratalaika Games S.L.
57,1734330,POWERTRIP,powertrip,https://cdn.cloudflare.steamstatic.com/steam/apps/1734330/header.jpg?t=1631523940,-1,-1,2,2,-1,-1,2021-09-08,99,99,0,0,0,-1,7,-2,-1,,,-1,-1,-1,99.0,51855,2041,RoomsForRockets,RoomsForRockets
58,1734350,Chronomaster,chronomaster,https://cdn.cloudflare.steamstatic.com/steam/apps/1734350/header.jpg?t=1643902248,-1,-1,-1,-1,-1,-1,2022-02-03,699,699,0,0,0,1,25,-2,16224,,,-1,-1,-1,699.0,50347,40762,DreamForge Intertainment,MIRROR Soft
59,1734370,Timewreck Tales,timewreck_tales,https://cdn.cloudflare.steamstatic.com/steam/apps/1734370/header.jpg?t=1643911613,-1,-1,-1,-1,-1,-1,2022-12-31,0,0,0,0,1,-1,31,-2,-1,,,-1,-1,-1,,51854,51854,Second Pass Studios,Second Pass Studios
60,1734390,The Pioneers: surviving desolation,the_pioneers_surviving_desolation,https://cdn.cloudflare.steamstatic.com/steam/apps/1734390/header.jpg?t=1643561093,-1,-1,-1,-1,-1,-1,2021-12-31,0,0,0,0,1,-1,1556,-2,-1,,,-1,-1,-1,,51928,51928,Supercube,Supercube
61,1734470,ROUGH KUTS: The Thirsty Dead,rough_kuts_the_thirsty_dead,https://cdn.cloudflare.steamstatic.com/steam/apps/1734470/header.jpg?t=1641753755,-1,-1,9,9,-1,-1,2021-09-23,99,99,0,0,0,2,66,-2,-1,,,-1,-1,-1,99.0,53329,43127,ROUGH KUTS,ROUGH KUTS
62,1734520,Slave in Sex Slave,slave_in_sex_slave,https://cdn.cloudflare.steamstatic.com/steam/apps/1734520/header.jpg?t=1634382059,-1,-1,1,1,-1,-1,2021-10-16,899,899,0,0,0,3,100,-2,16191,,,-1,-1,-1,899.0,51808,4471,Yuki Mango,H-GAME
63,1734540,PUPPETEERS,puppeteers,https://cdn.cloudflare.steamstatic.com/steam/apps/1734540/header.jpg?t=1645273291,-1,-1,-1,-1,-1,-1,2022-12-31,0,0,0,0,1,-1,37,1,-1,,,-1,-1,-1,,54879,54879,Teardrop Games,Teardrop Games
64,1734550,Deus Ex Machina -Satan from Foreign World-,deus_ex_machina_satan_from_foreign_world,https://cdn.cloudflare.steamstatic.com/steam/apps/1734550/header.jpg?t=1633834511,-1,-1,4,3,-1,-1,2021-10-09,799,799,0,0,0,1,117,-2,-1,,,-1,-1,-1,799.0,51807,4471,Shimizuan,H-GAME
65,1734560,Kingdom of Heroes,kingdom_of_heroes,https://cdn.cloudflare.steamstatic.com/steam/apps/1734560/header.jpg?t=1632199073,-1,-1,1,1,-1,-1,2021-09-20,799,799,0,0,0,2,29,-2,-1,,,-1,-1,-1,799.0,1555,1555,MoonlightGames,MoonlightGames
66,1734600,One against the wind,one_against_the_wind,https://cdn.cloudflare.steamstatic.com/steam/apps/1734600/header.jpg?t=1644310311,-1,-1,-1,-1,-1,-1,2022-02-08,999,999,0,0,0,-1,11,-2,-1,,,-1,-1,-1,,57477,57477,Game bord,Game bord
67,1734610,Robosnow,robosnow,https://cdn.cloudflare.steamstatic.com/steam/apps/1734610/header.jpg?t=1631177332,-1,-1,3,1,-1,-1,2021-09-09,199,1999,0,0,0,1,5,-2,-1,,,-1,-1,-1,1899.0,32656,32656,Vitok,Vitok
68,1734640,Yingzinue:Donghei,yingzinuedonghei,https://cdn.cloudflare.steamstatic.com/steam/apps/1734640/header.jpg?t=1646972720,-1,-1,5,5,-1,-1,2021-12-12,199,199,0,0,0,1,16,-2,-1,,,-1,-1,-1,199.0,55523,55523,呆蛙,呆蛙
69,1734670,Magic Girl Fal,magic_girl_fal,https://cdn.cloudflare.steamstatic.com/steam/apps/1734670/header.jpg?t=1635569770,-1,-1,2,2,-1,-1,2021-10-29,999,999,0,0,0,1,157,-2,-1,,,-1,-1,-1,999.0,29859,4471,Magical Girl Club,H-GAME
70,1734680,INCISION,incision,https://cdn.cloudflare.steamstatic.com/steam/apps/1734680/header.jpg?t=1641247540,-1,-1,-1,-1,-1,-1,2022-12-31,0,0,0,0,1,-1,280,1,-1,,,-1,-1,-1,,50134,50134,SmoothBrainDev,SmoothBrainDev
71,1734770,Niki in the Ship,niki_in_the_ship,https://cdn.cloudflare.steamstatic.com/steam/apps/1734770/header.jpg?t=1643883096,-1,-1,-1,-1,-1,-1,2022-12-31,0,0,0,0,1,-1,17,-2,-1,,,-1,-1,-1,,51238,51238,FromNiki,FromNiki
72,1734790,The Cruel kings,the_cruel_kings,https://cdn.cloudflare.steamstatic.com/steam/apps/1734790/header.jpg?t=1631335261,-1,-1,1,-1,-1,-1,2021-09-10,1999,1999,0,0,0,-1,3,-2,-1,,,-1,-1,-1,1899.0,32656,32656,Vitok,Vitok
73,1734810,Cubyrinth,cubyrinth,https://cdn.cloudflare.steamstatic.com/steam/apps/1734810/header.jpg?t=1643915626,-1,-1,2,1,-1,-1,2021-09-20,199,199,0,0,0,1,6,-2,-1,,,-1,-1,-1,199.0,50130,50130,AP2 Games,AP2 Games
74,1734830,Cheeky Princess,cheeky_princess,https://cdn.cloudflare.steamstatic.com/steam/apps/1734830/header.jpg?t=1632301816,-1,-1,-1,-1,-1,-1,2022-12-31,0,0,0,0,1,-1,25,-2,-1,,,-1,-1,-1,,52387,52387,DoriDreams,DoriDreams
75,1734850,Story of Nararale,story_of_nararale,https://cdn.cloudflare.steamstatic.com/steam/apps/1734850/header.jpg?t=1642353504,-1,-1,-1,-1,-1,-1,2024-12-02,0,0,0,0,1,-1,6,-2,-1,,,-1,-1,-1,,51582,51582,NPCs,NPCs
76,1734860,Sacred Curse,sacred_curse,https://cdn.cloudflare.steamstatic.com/steam/apps/1734860/header.jpg?t=1632301927,-1,-1,-1,-1,-1,-1,2022-12-31,0,0,0,0,1,-1,23,-2,-1,,,-1,-1,-1,,52387,52387,DoriDreams,DoriDreams
77,1734870,Shiba Army,shiba_army,https://cdn.cloudflare.steamstatic.com/steam/apps/1734870/header.jpg?t=1642896638,-1,-1,6,4,-1,-1,2022-01-06,499,499,0,0,0,1,6,-2,-1,,,-1,-1,-1,599.0,56432,56432,GabiVlg,GabiVlg
78,1734960,POWERNAUT 2,powernaut_2,https://cdn.cloudflare.steamstatic.com/steam/apps/1734960/header.jpg?t=1632483498,-1,-1,2,1,-1,-1,2021-09-24,99,99,0,0,0,1,19,-2,15140,,,-1,-1,-1,299.0,5304,5304,Alex Hall,Alex Hall
79,1734970,Planet Hotpot,planet_hotpot,https://cdn.cloudflare.steamstatic.com/steam/apps/1734970/header.jpg?t=1642260966,-1,-1,2,1,-1,-1,2022-01-15,299,299,0,0,0,1,9,-2,-1,,,-1,-1,-1,299.0,51929,51929,Attyc Games,Attyc Games
80,1734990,The Netrunner Awaken1ng,the_netrunner_awaken1ng,https://cdn.cloudflare.steamstatic.com/steam/apps/1734990/header.jpg?t=1644425167,-1,-1,-1,-1,-1,-1,2022-04-30,0,0,0,0,1,-1,21,-2,-1,,,-1,-1,-1,,54061,54061,Cube Overflow,Cube Overflow
81,1735010,Pathological Tires,pathological_tires,https://cdn.cloudflare.steamstatic.com/steam/apps/1735010/header.jpg?t=1644992365,-1,-1,2,2,-1,-1,2021-10-15,1199,1199,0,0,0,1,6,-2,-1,,,-1,-1,-1,1199.0,52785,52785,Inclination Games,Inclination Games
82,1735030,Duck and the Land of Flightless Birds,duck_and_the_land_of_flightless_birds,https://cdn.cloudflare.steamstatic.com/steam/apps/1735030/header.jpg?t=1639256478,-1,-1,-1,-1,-1,-1,2022-12-31,0,0,0,0,1,-1,18,-2,-1,,,-1,-1,-1,,50937,50937,OM Games,OM Games
83,1735040,Gravekeeper Academy,gravekeeper_academy,https://cdn.cloudflare.steamstatic.com/steam/apps/1735040/header.jpg?t=1630328889,-1,-1,-1,-1,-1,-1,1970-01-01,0,0,0,0,1,-1,7,-2,-1,,,-1,-1,-1,,50941,50941,Forgotten Workshop,Forgotten Workshop
84,1735080,High Elo Girls,high_elo_girls,https://cdn.cloudflare.steamstatic.com/steam/apps/1735080/header.jpg?t=1644712452,-1,-1,-1,-1,-1,-1,2022-12-31,0,0,0,0,1,-1,41,-2,-1,,,-1,-1,-1,,56001,56001,Split Fate Studios,Split Fate Studios
85,1735090,Tea Time,tea_time,https://cdn.cloudflare.steamstatic.com/steam/apps/1735090/header.jpg?t=1638473308,-1,-1,2,2,-1,-1,2021-12-02,299,299,0,0,0,-1,5,-2,-1,,,-1,-1,-1,299.0,50940,38225,ShmoeSoft,ShmoeSoft
86,1735120,Abandoned,abandoned,https://cdn.cloudflare.steamstatic.com/steam/apps/1735120/header.jpg?t=1633460436,-1,-1,5,5,-1,-1,2021-10-05,199,199,0,0,0,1,16,-2,-1,,,-1,-1,-1,199.0,52349,52349,Krenliper,Krenliper
87,1735140,Pushy Worm,pushy_worm,https://cdn.cloudflare.steamstatic.com/steam/apps/1735140/header.jpg?t=1643577158,-1,-1,-1,-1,-1,-1,2022-12-31,0,0,0,0,1,-1,8,-2,-1,,,-1,-1,-1,,52786,52786,Sid Fish Games,Sid Fish Games
88,1735150,The Last Tree,the_last_tree,https://cdn.cloudflare.steamstatic.com/steam/apps/1735150/header.jpg?t=1630924786,-1,-1,-1,-1,-1,-1,1970-01-01,0,0,0,0,1,-1,14,-2,-1,,,-1,-1,-1,,51389,51389,zzmingo,zzmingo
89,1735160,HAJWALA LINE,hajwala_line,https://cdn.cloudflare.steamstatic.com/steam/apps/1735160/header.jpg?t=1631875115,-1,-1,5,5,-1,-1,2021-09-17,699,999,0,0,0,1,15,-2,12635,,,-1,-1,-1,999.0,"51612,51613",51616,"Hamza Ahmad Alheet, Thaer Jlal Ahmad",HamzaAlheet
90,1735170,SlimeSlider,slimeslider,https://cdn.cloudflare.steamstatic.com/steam/apps/1735170/header.jpg?t=1637853830,-1,-1,-1,-1,-1,-1,2022-12-31,0,0,0,0,1,-1,5,-2,-1,,,-1,-1,-1,,51390,51390,mathgolfer,mathgolfer
91,1735280,NAGARE-BOSHI,nagare_boshi,https://cdn.cloudflare.steamstatic.com/steam/apps/1735280/header.jpg?t=1631345190,-1,-1,6,2,-1,-1,2021-09-11,199,199,0,0,0,1,17,-2,15320,,,-1,-1,-1,199.0,37073,35642,玫瑰工作室,玫瑰工作室
92,1735370,Necrowave,necrowave,https://cdn.cloudflare.steamstatic.com/steam/apps/1735370/header.jpg?t=1630614017,-1,-1,-1,-1,-1,-1,1970-01-01,0,0,0,0,1,-1,4,-2,-1,,,-1,-1,-1,,51615,51615,Arfhis The Wizard,Arfhis The Wizard
93,1735400,Dessert Tank: The Saga of Hansel and Gretel Prologue,dessert_tank_the_saga_of_hansel_and_gretel_prologue,https://cdn.cloudflare.steamstatic.com/steam/apps/1735400/header.jpg?t=1635559372,-1,-1,4,-1,-1,-1,2021-10-29,0,0,1,0,0,1,43,-2,-1,,,-1,-1,-1,,30017,19210,firepillar2,firepillar2
94,1735410,Pale Roots,pale_roots,https://cdn.cloudflare.steamstatic.com/steam/apps/1735410/header.jpg?t=1641684937,-1,-1,-1,-1,-1,-1,2022-12-31,0,0,0,0,1,-1,7,-2,-1,,,-1,-1,-1,,51716,51716,Joshua Carter,Joshua Carter
95,1735600,Rolling Balls,rolling_balls,https://cdn.cloudflare.steamstatic.com/steam/apps/1735600/header.jpg?t=1641259481,-1,-1,3,1,-1,-1,2021-12-31,420,420,0,0,0,-1,10,-2,14691,,,-1,-1,-1,,55290,55290,whitebox,whitebox
96,1735640,Farmers' Market,farmers_market,https://cdn.cloudflare.steamstatic.com/steam/apps/1735640/header.jpg?t=1639941343,-1,-1,1,-1,-1,-1,2021-10-01,399,399,0,0,0,-1,9,1,-1,,,-1,-1,-1,699.0,51614,51614,Bill2029 Studios,Bill2029 Studios
97,1735660,Monkey Mansion,monkey_mansion,https://cdn.cloudflare.steamstatic.com/steam/apps/1735660/header.jpg?t=1642724554,-1,-1,-1,-1,-1,-1,1970-01-01,0,0,0,0,1,-1,57,-2,-1,,,-1,-1,-1,,50939,50939,BaboYago,BaboYago
98,1735690,Planet Omnia,planet_omnia,https://cdn.cloudflare.steamstatic.com/steam/apps/1735690/header.jpg?t=1637897962,-1,-1,-1,-1,-1,-1,1970-01-01,0,0,0,0,1,-1,5,1,-1,,,-1,-1,-1,,55463,55463,Eyrie Interactive,Eyrie Interactive
99,1735700,Back to the Dawn,back_to_the_dawn,https://cdn.cloudflare.steamstatic.com/steam/apps/1735700/header.jpg?t=1643170513,-1,-1,-1,-1,-1,-1,2022-12-31,0,0,0,0,1,-1,127,-2,-1,,,-1,-1,-1,,54319,54319,Metal Head Games,Metal Head Games
100,1735790,Mystery Box - Hidden Secrets,mystery_box_hidden_secrets,https://cdn.cloudflare.steamstatic.com/steam/apps/1735790/header.jpg?t=1630305830,-1,-1,-1,-1,-1,-1,2021-09-30,0,0,0,0,1,-1,21,-2,-1,,,-1,-1,-1,,50938,50938,XScoder,XScoder
101,1735850,Mission 1985,mission_1985,https://cdn.cloudflare.steamstatic.com/steam/apps/1735850/header.jpg?t=1636236363,-1,-1,13,3,-1,-1,2021-10-04,499,499,0,0,0,2,39,-2,-1,,,-1,-1,-1,999.0,52434,52434,Consulog,Consulog
102,1735860,LyokoVR,lyokovr,https://cdn.cloudflare.steamstatic.com/steam/apps/1735860/header.jpg?t=1632553896,-1,-1,4,4,-1,-1,2021-09-25,499,499,0,0,0,1,20,-2,12552,,,-1,-1,-1,,51875,51875,WizOnce,WizOnce
103,1735880,DRAKE,drake,https://cdn.cloudflare.steamstatic.com/steam/apps/1735880/header.jpg?t=1635110097,-1,-1,-1,-1,-1,-1,1970-01-01,0,0,0,0,1,-1,89,-2,-1,,,-1,-1,-1,,52049,52049,Solarsuit,Solarsuit
104,1735930,SICK,sick,https://cdn.cloudflare.steamstatic.com/steam/apps/1735930/header.jpg?t=1647285392,-1,-1,16,7,-1,-1,2021-09-15,249,499,0,0,0,1,24,1,15935,,,-1,-1,-1,799.0,51391,51391,Michael Derek,Michael Derek
105,1735940,FlightChess,flightchess,https://cdn.cloudflare.steamstatic.com/steam/apps/1735940/header.jpg?t=1636485829,-1,-1,7,5,-1,-1,2021-11-08,99,99,0,0,0,-1,6,1,-1,,,-1,-1,-1,99.0,53953,53953,弁天工作室,弁天工作室
106,1735970,Maison Rouge,maison_rouge,https://cdn.cloudflare.steamstatic.com/steam/apps/1735970/header.jpg?t=1632259708,-1,-1,-1,-1,-1,-1,2022-08-02,0,0,0,0,1,-1,5,-2,-1,,,-1,-1,-1,,52433,52433,Messor Games Studio,Messor Games Studio
107,1736000,异星夺宝,,https://cdn.cloudflare.steamstatic.com/steam/apps/1736000/header.jpg?t=1635326816,-1,-1,5,4,-1,-1,2021-10-26,299,299,0,0,0,1,15,-2,-1,,,-1,-1,-1,299.0,53141,53141,Dimowgames,Dimowgames
108,1736010,双腕のソルダート The Soldat with Twin Arms,the_soldat_with_twin_arms,https://cdn.cloudflare.steamstatic.com/steam/apps/1736010/header.jpg?t=1637063786,-1,-1,-1,-1,-1,-1,2022-12-31,0,0,0,0,1,-1,156,-2,-1,,,-1,-1,-1,,50141,50141,ぼっち猫  BocchiNeko,ぼっち猫  BocchiNeko
109,1736090,Demolish & Build VR,demolish_build_vr,https://cdn.cloudflare.steamstatic.com/steam/apps/1736090/header.jpg?t=1634635391,-1,-1,11,7,-1,-1,2021-10-18,1999,1999,0,0,0,2,35,-2,6743,,,-1,-1,-1,1999.0,50147,"50147,50151",Ultimate VR,"Ultimate VR, Demolish Games"
110,1736120,Gambit!,gambit,https://cdn.cloudflare.steamstatic.com/steam/apps/1736120/header.jpg?t=1643625793,-1,-1,-1,-1,-1,-1,2022-06-30,0,0,0,0,1,-1,78,-2,-1,,,-1,-1,-1,,12785,12785,XREAL Games,XREAL Games
111,1736140,Drag Engineer,drag_engineer,https://cdn.cloudflare.steamstatic.com/steam/apps/1736140/header.jpg?t=1631877793,-1,-1,2,1,-1,-1,2021-09-17,99,99,0,0,0,-1,6,-2,-1,,,-1,-1,-1,399.0,51585,51585,Guang Pu,Guang Pu
112,1736210,Match On The Nile,match_on_the_nile,https://cdn.cloudflare.steamstatic.com/steam/apps/1736210/header.jpg?t=1630576760,-1,-1,-1,-1,-1,-1,2023-12-31,0,0,0,0,1,-1,12,-2,-1,,,-1,-1,-1,,44168,51245,TavroxGames,Looking for a publisher!
113,1736220,Might of Merchants,might_of_merchants,https://cdn.cloudflare.steamstatic.com/steam/apps/1736220/header.jpg?t=1633602392,-1,-1,-1,-1,-1,-1,1970-01-01,0,0,0,0,1,-1,435,-2,-1,,,-1,-1,-1,,51739,51739,Hannes Breuer,Hannes Breuer
114,1736260,Home Designer - Makeover Blast,home_designer_makeover_blast,https://cdn.cloudflare.steamstatic.com/steam/apps/1736260/header.jpg?t=1631348313,-1,-1,10,3,-1,-1,2021-09-11,499,499,0,0,0,2,6,-2,14008,,,-1,-1,-1,499.0,51242,175,Mad - Data,HH-Games
115,1736270,They Are Coming!,they_are_coming,https://cdn.cloudflare.steamstatic.com/steam/apps/1736270/header.jpg?t=1644857130,-1,-1,-1,-1,-1,-1,1970-01-01,0,0,0,0,1,-1,92,1,-1,,,-1,-1,-1,,44626,43448,The 6-month initiative,Freedom Games
116,1736310,Fantasy Jigsaw Puzzle 3,fantasy_jigsaw_puzzle_3,https://cdn.cloudflare.steamstatic.com/steam/apps/1736310/header.jpg?t=1629961363,-1,-1,2,2,-1,-1,2021-08-25,299,299,0,0,0,1,-1,-2,15843,,23949.0,-1,-1,-1,299.0,45366,37658,Lolita LineArt,DIG Publishing
117,1736450,Colonize Prologue,colonize_prologue,https://cdn.cloudflare.steamstatic.com/steam/apps/1736450/header.jpg?t=1643658592,-1,-1,-1,-1,-1,-1,2022-03-31,0,0,1,0,1,-1,195,-2,-1,,,-1,-1,-1,,45748,702,Rembrosoft,CreativeForge Games
118,1736460,The Little Spirit of the East,the_little_spirit_of_the_east,https://cdn.cloudflare.steamstatic.com/steam/apps/1736460/header.jpg?t=1641977109,-1,-1,-1,-1,-1,-1,2023-02-02,0,0,0,0,1,-1,17,-2,-1,,,-1,-1,-1,,52604,52604,FairyGames,FairyGames
119,1736480,YOGA MASTER,yoga_master,https://cdn.cloudflare.steamstatic.com/steam/apps/1736480/header.jpg?t=1641231285,-1,-1,15,8,-1,-1,2022-01-03,2499,2499,0,0,0,1,39,-2,13766,,,-1,-1,-1,2499.0,56433,56434,My World,My World srls
120,1736510,Anxiety Treatment with Relaxation Demo,anxiety_treatment_with_relaxation_demo,https://cdn.cloudflare.steamstatic.com/steam/apps/1736510/header.jpg?t=1642466714,-1,-1,4,-1,-1,-1,2022-01-17,0,0,1,0,0,1,10,-2,-1,,,-1,-1,-1,,56025,56025,NewAdultReality,NewAdultReality
121,1736530,ShadoWave - Revenger,shadowave_revenger,https://cdn.cloudflare.steamstatic.com/steam/apps/1736530/header.jpg?t=1641381288,-1,-1,-1,-1,-1,-1,1970-01-01,0,0,0,0,1,-1,31,-2,-1,,,-1,-1,-1,,50146,50146,DogNose Games,DogNose Games
122,1736560,Weakpoint Delta,weakpoint_delta,https://cdn.cloudflare.steamstatic.com/steam/apps/1736560/header.jpg?t=1646858409,-1,-1,-1,-1,-1,-1,2021-10-08,899,899,0,0,0,-1,10,1,-1,,,-1,-1,-1,,51934,51934,JLundhoj,JLundhoj
123,1736590,Shambled Spiral,shambled_spiral,https://cdn.cloudflare.steamstatic.com/steam/apps/1736590/header.jpg?t=1631604826,-1,-1,5,1,-1,-1,2021-09-14,199,199,0,0,0,-1,6,-2,-1,,,-1,-1,-1,,50142,50142,DeltaGemini,DeltaGemini
124,1736620,The Eightfold Path,the_eightfold_path,https://cdn.cloudflare.steamstatic.com/steam/apps/1736620/header.jpg?t=1630696446,-1,-1,-1,-1,-1,-1,2022-04-08,0,0,0,0,1,-1,14,-2,-1,,,-1,-1,-1,,53684,51462,Friendly Llama,Friendly Llama
125,1736670,Tilting Tiles,tilting_tiles,https://cdn.cloudflare.steamstatic.com/steam/apps/1736670/header.jpg?t=1638807606,-1,-1,8,7,-1,-1,2021-11-22,499,499,0,0,0,1,6,-2,-1,,,-1,-1,-1,499.0,49649,22153,TreeFall Studios L.L.C.,TreeFall Studios L.L.C.
126,1736680,Xio: Survival,xio_survival,https://cdn.cloudflare.steamstatic.com/steam/apps/1736680/header.jpg?t=1644421212,-1,-1,-1,-1,-1,-1,2022-03-31,0,0,0,0,1,-1,29,-2,-1,,,-1,-1,-1,,57566,57567,FOUR,Dirty Bird Games
127,1736830,The Chewllers,the_chewllers,https://cdn.cloudflare.steamstatic.com/steam/apps/1736830/header.jpg?t=1630236036,-1,-1,-1,-1,-1,-1,2022-12-31,0,0,0,0,1,-1,25,-2,-1,,,-1,-1,-1,,51243,51243,AnimatronX,AnimatronX
128,1736850,Camp Palut,camp_palut,https://cdn.cloudflare.steamstatic.com/steam/apps/1736850/header.jpg?t=1643670276,-1,-1,-1,-1,-1,-1,2022-05-31,0,0,0,0,1,-1,22,-2,-1,,,-1,-1,-1,,51634,51634,Bearly Playing Games,Bearly Playing Games
129,1736910,Insomnia Jigsaw,insomnia_jigsaw,https://cdn.cloudflare.steamstatic.com/steam/apps/1736910/header.jpg?t=1630107168,-1,-1,-1,-1,-1,-1,1970-01-01,0,0,0,0,1,-1,9,-2,-1,,,-1,-1,-1,,38036,38036,MADKEV Studio,MADKEV Studio
130,1736970,Dark Colors,dark_colors,https://cdn.cloudflare.steamstatic.com/steam/apps/1736970/header.jpg?t=1643315416,-1,-1,-1,-1,-1,-1,2022-12-31,0,0,0,0,1,-1,9,1,-1,,,-1,-1,-1,,55335,55335,Thomas Bartko,Thomas Bartko
131,1736980,BounceShot,bounceshot,https://cdn.cloudflare.steamstatic.com/steam/apps/1736980/header.jpg?t=1638296532,-1,-1,-1,-1,-1,-1,2022-12-31,0,0,0,0,1,-1,11,-2,-1,,,-1,-1,-1,,"54067,54068",54067,"Cottage Street Interactive, Zackavelli",Cottage Street Interactive
132,1737010,Collector Thief,collector_thief,https://cdn.cloudflare.steamstatic.com/steam/apps/1737010/header.jpg?t=1640008980,-1,-1,1,1,-1,-1,2021-12-20,329,1099,0,0,0,-1,15,-2,16443,,,-1,-1,-1,1099.0,51577,51577,Heartbeat Game Studio,Heartbeat Game Studio
133,1737130,Ducky,ducky,https://cdn.cloudflare.steamstatic.com/steam/apps/1737130/header.jpg?t=1644381810,-1,-1,6,3,-1,-1,2022-02-01,499,499,0,0,0,1,8,-2,-1,,,-1,-1,-1,499.0,54475,54475,Luke McCrea,Luke McCrea
134,1737170,Among Dots,among_dots,https://cdn.cloudflare.steamstatic.com/steam/apps/1737170/header.jpg?t=1633081476,-1,-1,3,2,-1,-1,2021-10-01,499,499,0,0,0,1,18,-2,-1,,,-1,-1,-1,499.0,"52219,52220","45657,52219","Octane, JKK_WORKS","JKK_WORKS, Octane"
135,1737200,Ardarium,ardarium,https://cdn.cloudflare.steamstatic.com/steam/apps/1737200/header.jpg?t=1641946432,-1,-1,9,8,-1,-1,2021-09-10,299,299,0,0,0,3,10,-2,16032,,,-1,-1,-1,299.0,49983,49983,Daniel Cox,Daniel Cox
136,1737220,Myriads: Renaissance,myriads_renaissance,https://cdn.cloudflare.steamstatic.com/steam/apps/1737220/header.jpg?t=1641537519,-1,-1,-1,-1,-1,-1,1970-01-01,0,0,0,0,1,-1,400,-2,-1,,,-1,-1,-1,,52111,52111,Sleeping Eight Studio,Sleeping Eight Studio
137,1737280,Bad animals - rabbit,bad_animals_rabbit,https://cdn.cloudflare.steamstatic.com/steam/apps/1737280/header.jpg?t=1634913945,-1,-1,10,6,-1,-1,2021-10-22,199,199,0,0,0,1,9,-2,-1,,,-1,-1,-1,499.0,49981,49981,Zerobit,Zerobit
138,1737330,雾尽时分,,https://cdn.cloudflare.steamstatic.com/steam/apps/1737330/header.jpg?t=1646368297,-1,-1,9,2,-1,-1,2022-03-03,999,999,0,0,0,8,67,-2,12442,,,-1,-1,-1,,53208,23036,济沧海工作室,Pujia8 Studio
139,1737370,Jurassic Architect,jurassic_architect,https://cdn.cloudflare.steamstatic.com/steam/apps/1737370/header.jpg?t=1631002115,-1,-1,-1,-1,-1,-1,1970-01-01,0,0,0,0,1,-1,552,-2,-1,,,-1,-1,-1,,59311,37832,Yeyuna,Yeyuna
140,1737380,Brambles in the Mist,brambles_in_the_mist,https://cdn.cloudflare.steamstatic.com/steam/apps/1737380/header.jpg?t=1631432055,-1,-1,-1,-1,-1,-1,2021-09-12,1199,1199,0,0,0,-1,21,-2,16016,,,-1,-1,-1,1199.0,17651,17651,Noxurtica,Noxurtica
141,1737400,Kick Bastards,kick_bastards,https://cdn.cloudflare.steamstatic.com/steam/apps/1737400/header.jpg?t=1645387595,-1,-1,-1,-1,-1,-1,2022-12-31,0,0,0,0,1,-1,27,-2,-1,,,-1,-1,-1,,3011,3011,Something Something Games,Something Something Games
142,1737440,Trip Saber,trip_saber,https://cdn.cloudflare.steamstatic.com/steam/apps/1737440/header.jpg?t=1631606920,-1,-1,-1,-1,-1,-1,2021-09-14,399,399,0,0,0,-1,8,-2,-1,,,-1,-1,-1,399.0,25249,25249,Eirtep,Eirtep
143,1737450,Motorcycle Biker Simulator,motorcycle_biker_simulator,https://cdn.cloudflare.steamstatic.com/steam/apps/1737450/header.jpg?t=1632899697,-1,-1,11,6,-1,-1,2021-09-29,399,399,0,0,0,1,17,1,16403,,,-1,-1,-1,399.0,49980,49980,MBPStudio22,MBPStudio22
144,1737460,Into The Abyss,into_the_abyss,https://cdn.cloudflare.steamstatic.com/steam/apps/1737460/header.jpg?t=1644843104,-1,-1,-1,-1,-1,-1,2022-03-18,0,0,0,0,1,-1,38,-2,-1,,,-1,-1,-1,,53634,53634,Hellbrewed Productions,Hellbrewed Productions
145,1737470,Division of Labour,division_of_labour,https://cdn.cloudflare.steamstatic.com/steam/apps/1737470/header.jpg?t=1630499853,-1,-1,-1,-1,-1,-1,1970-01-01,0,0,0,0,1,-1,13,-2,-1,,,-1,-1,-1,,49978,49978,Team3,Team3
146,1737480,Super,super,https://cdn.cloudflare.steamstatic.com/steam/apps/1737480/header.jpg?t=1631676739,-1,-1,7,4,-1,-1,2021-09-09,299,299,0,0,0,2,10,-2,-1,,,-1,-1,-1,299.0,38254,38254,Fire Game Studios,Fire Game Studios
147,1737510,Hardworking Hero,hardworking_hero,https://cdn.cloudflare.steamstatic.com/steam/apps/1737510/header.jpg?t=1642764735,-1,-1,5,5,-1,-1,2022-01-21,499,499,0,0,0,6,31,-2,15202,,,-1,-1,-1,499.0,53887,53887,OZ33 Lab,OZ33 Lab
148,1737530,DarkTimes: Wrath of the Raven,darktimes_wrath_of_the_raven,https://cdn.cloudflare.steamstatic.com/steam/apps/1737530/header.jpg?t=1644679560,-1,-1,-1,-1,-1,-1,2022-12-31,0,0,0,0,1,-1,59,-2,-1,,,-1,-1,-1,,51899,51899,FLYS,FLYS
149,1737600,Alphabetical Order,alphabetical_order,https://cdn.cloudflare.steamstatic.com/steam/apps/1737600/header.jpg?t=1631527870,-1,-1,1,-1,-1,-1,2021-09-13,99,199,0,0,0,-1,9,1,-1,,,-1,-1,-1,499.0,51215,51215,PI.NNY,PI.NNY
150,1737620,Please Duology,please_duology,https://cdn.cloudflare.steamstatic.com/steam/apps/1737620/header.jpg?t=1635169930,-1,-1,8,8,-1,-1,2021-10-25,499,499,0,0,0,-1,36,-2,-1,,,-1,-1,-1,499.0,43708,43708,Somewhat Software,Somewhat Software
151,1737640,Theory of Poltaran,theory_of_poltaran,https://cdn.cloudflare.steamstatic.com/steam/apps/1737640/header.jpg?t=1644175824,-1,-1,3,3,-1,-1,2022-01-04,999,999,0,0,0,1,13,-2,-1,,,-1,-1,-1,,49976,49976,Stylua Games,Stylua Games
152,1737730,Neko Journey,neko_journey,https://cdn.cloudflare.steamstatic.com/steam/apps/1737730/header.jpg?t=1643633086,-1,-1,-1,-1,-1,-1,2022-04-15,0,0,0,0,1,-1,63,-2,-1,,,-1,-1,-1,,"1625,44763",44763,"Axyos Games, Feas",Feas
153,1737750,Three in a Rogue,three_in_a_rogue,https://cdn.cloudflare.steamstatic.com/steam/apps/1737750/header.jpg?t=1631891639,-1,-1,-1,-1,-1,-1,2022-12-31,0,0,0,0,1,-1,59,-2,-1,,,-1,-1,-1,,49977,49977,NotExplosive,NotExplosive
154,1737760,Platonic,platonic,https://cdn.cloudflare.steamstatic.com/steam/apps/1737760/header.jpg?t=1642201191,-1,-1,-1,-1,-1,-1,2022-12-31,0,0,0,0,1,-1,10,-2,-1,,,-1,-1,-1,,52375,52375,FidgetBear Games,FidgetBear Games
155,1737830,Floppy and The Sleepy Planet,floppy_and_the_sleepy_planet,https://cdn.cloudflare.steamstatic.com/steam/apps/1737830/header.jpg?t=1637103879,-1,-1,-1,-1,-1,-1,1970-01-01,0,0,0,0,1,-1,41,-2,-1,,,-1,-1,-1,,51578,51578,Broad Strokes LLC,Broad Strokes LLC
156,1737840,Virtual world-Digital girl,virtual_world_digital_girl,https://cdn.cloudflare.steamstatic.com/steam/apps/1737840/header.jpg?t=1635175419,-1,-1,3,3,-1,-1,2021-10-25,499,499,0,0,0,3,53,1,-1,,,-1,-1,-1,499.0,52851,52851,At 18 o 'clock,At 18 o 'clock
157,1737890,Lúcido,lcido,https://cdn.cloudflare.steamstatic.com/steam/apps/1737890/header.jpg?t=1645559727,-1,-1,-1,-1,-1,-1,1970-01-01,0,0,0,0,1,-1,4,1,-1,,,-1,-1,-1,,54016,54016,Sergio Serrano,Sergio Serrano
158,1737910,XPELLIT,xpellit,https://cdn.cloudflare.steamstatic.com/steam/apps/1737910/header.jpg?t=1645742878,-1,-1,-1,-1,-1,-1,1970-01-01,0,0,1,0,0,-1,-1,1,-1,,,-1,-1,-1,,56313,56313,XPELLGAMES,XPELLGAMES
159,1737920,Midnight Calling: Valeria Collector's Edition,midnight_calling_valeria_collectors_edition,https://cdn.cloudflare.steamstatic.com/steam/apps/1737920/header.jpg?t=1630082322,-1,-1,-1,-1,-1,-1,2021-08-27,999,999,0,0,0,6,-1,-2,-1,,,-1,-1,-1,999.0,23509,909,Elephant Games,Big Fish Games
160,1737960,Vigilance 2099,vigilance_2099,https://cdn.cloudflare.steamstatic.com/steam/apps/1737960/header.jpg?t=1630439355,-1,-1,-1,-1,-1,-1,1970-01-01,0,0,0,0,1,-1,4594,-2,-1,,,-1,-1,-1,,49979,49989,Envoidant Studios,Behemoth Interactive
161,1737980,Galacticon,galacticon,https://cdn.cloudflare.steamstatic.com/steam/apps/1737980/header.jpg?t=1630049052,-1,-1,-1,-1,-1,-1,2022-06-30,0,0,0,0,1,-1,14,-2,-1,,,-1,-1,-1,,49982,9986,Radin Games,Flynn's Arcade
162,1738140,Campfire Tales,campfire_tales,https://cdn.cloudflare.steamstatic.com/steam/apps/1738140/header.jpg?t=1635971441,-1,-1,1,-1,-1,-1,2021-10-28,399,399,0,0,0,-1,16,-2,-1,,,-1,-1,-1,,50220,50220,Mow Mow,Mow Mow
163,1738150,Draft Day Sports: Pro Football 2022,draft_day_sports_pro_football_2022,https://cdn.cloudflare.steamstatic.com/steam/apps/1738150/header.jpg?t=1634237535,-1,-1,16,8,-1,-1,2021-10-14,3499,3499,0,0,0,19,20,-2,10997,,,-1,-1,-1,3499.0,465,465,Wolverine Studios,Wolverine Studios
164,1738160,The Last Cadet,the_last_cadet,https://cdn.cloudflare.steamstatic.com/steam/apps/1738160/header.jpg?t=1638792394,-1,-1,-1,-1,-1,-1,1970-01-01,0,0,0,0,1,-1,20,-2,-1,,,-1,-1,-1,,51588,51588,Debonair Aesthetics,Debonair Aesthetics
165,1738480,Zoo Squad,zoo_squad,https://cdn.cloudflare.steamstatic.com/steam/apps/1738480/header.jpg?t=1636712213,-1,-1,-1,-1,-1,-1,2022-03-31,0,0,0,0,1,-1,29,-2,-1,,,-1,-1,-1,,53916,53916,toythn,toythn
166,1738500,velvet clouds,velvet_clouds,https://cdn.cloudflare.steamstatic.com/steam/apps/1738500/header.jpg?t=1631692770,-1,-1,2,1,-1,-1,2021-09-15,999,999,0,0,0,1,5,-2,15379,,,-1,-1,-1,999.0,46142,8035,Danicy,Piece Of Voxel
167,1738540,Dancing Cube,dancing_cube,https://cdn.cloudflare.steamstatic.com/steam/apps/1738540/header.jpg?t=1644936231,-1,-1,-1,-1,-1,-1,2022-06-30,0,0,0,0,1,-1,11,1,-1,,,-1,-1,-1,,52230,52230,Soft Mountain,Soft Mountain
168,1738550,Dalruan: World of Magic,dalruan_world_of_magic,https://cdn.cloudflare.steamstatic.com/steam/apps/1738550/header.jpg?t=1631602873,-1,-1,1,-1,-1,-1,2021-09-14,999,999,0,0,0,1,12,-2,-1,,,-1,-1,-1,999.0,50215,50215,JxRannok Productions,JxRannok Productions
169,1738570,Taoist priest Yan,taoist_priest_yan,https://cdn.cloudflare.steamstatic.com/steam/apps/1738570/header.jpg?t=1643478051,-1,-1,13,7,-1,-1,2021-10-22,499,499,0,0,0,1,9,-2,-1,,,-1,-1,-1,499.0,52904,52904,XiGeHong,XiGeHong
170,1738620,Industry VR Trainer Confined Space Entry,industry_vr_trainer_confined_space_entry,https://cdn.cloudflare.steamstatic.com/steam/apps/1738620/header.jpg?t=1644326981,-1,-1,-1,-1,-1,-1,2021-12-21,19999,19999,0,0,0,-1,5,-2,-1,,,-1,-1,-1,,53536,53536,GWPro,GWPro
171,1738630,Fantasy Sliding Puzzle,fantasy_sliding_puzzle,https://cdn.cloudflare.steamstatic.com/steam/apps/1738630/header.jpg?t=1630657186,-1,-1,4,3,-1,-1,2021-09-02,299,299,0,0,0,1,8,-2,15831,,24215.0,-1,-1,-1,299.0,45366,37658,Lolita LineArt,DIG Publishing
172,1738650,Space Doomer,space_doomer,https://cdn.cloudflare.steamstatic.com/steam/apps/1738650/header.jpg?t=1631262199,-1,-1,11,1,-1,-1,2021-09-10,99,99,0,0,0,1,5,-2,15572,,,-1,-1,-1,99.0,39682,39682,Rex Junior,Rex Junior
173,1738670,Fairground Power Polyp Simulator,fairground_power_polyp_simulator,https://cdn.cloudflare.steamstatic.com/steam/apps/1738670/header.jpg?t=1641405899,-1,-1,-1,-1,-1,-1,2022-12-31,0,0,0,0,1,-1,10,-2,-1,,,-1,-1,-1,,51689,51689,CodeGraphX,CodeGraphX
174,1738710,SCP Observer,scp_observer,https://cdn.cloudflare.steamstatic.com/steam/apps/1738710/header.jpg?t=1643220861,-1,-1,-1,-1,-1,-1,1970-01-01,0,0,1,0,1,-1,374,1,-1,,,-1,-1,-1,,51471,51471,GetMyIsland,GetMyIsland
175,1738830,This Is Crying,this_is_crying,https://cdn.cloudflare.steamstatic.com/steam/apps/1738830/header.jpg?t=1636507394,-1,-1,-1,-1,-1,-1,1970-01-01,0,0,0,0,1,-1,66,1,-1,,,-1,-1,-1,,51470,51470,EATORBS,EATORBS
176,1738850,Plumber 3,plumber_3,https://cdn.cloudflare.steamstatic.com/steam/apps/1738850/header.jpg?t=1631264845,-1,-1,2,-1,-1,-1,2021-09-10,199,799,0,0,0,1,3,-2,-1,,,-1,-1,-1,799.0,50217,50217,anyfreegame,anyfreegame
177,1738880,Gewevo : Interstellar,gewevo_interstellar,https://cdn.cloudflare.steamstatic.com/steam/apps/1738880/header.jpg?t=1637073874,-1,-1,-1,-1,-1,-1,2021-09-30,1199,1199,0,0,0,-1,7,1,-1,,,-1,-1,-1,1199.0,51947,51947,Victor Filipiak,Victor Filipiak
178,1738890,Naval Hurricane,naval_hurricane,https://cdn.cloudflare.steamstatic.com/steam/apps/1738890/header.jpg?t=1630684502,-1,-1,-1,-1,-1,-1,1970-01-01,0,0,0,0,1,-1,205,1,-1,,,-1,-1,-1,,51587,51587,Efril,Efril
179,1738990,A hut,a_hut,https://cdn.cloudflare.steamstatic.com/steam/apps/1738990/header.jpg?t=1638301359,-1,-1,-1,-1,-1,-1,2022-12-31,0,0,0,0,1,-1,254,1,-1,,,-1,-1,-1,,50216,"1479,50216",R's,"Lewd Formosa, R's"
180,1739030,Immortal-Paradise,immortal_paradise,https://cdn.cloudflare.steamstatic.com/steam/apps/1739030/header.jpg?t=1633632882,-1,-1,-1,-1,-1,-1,2021-09-23,0,0,0,0,1,-1,10,-2,-1,,,-1,-1,-1,,53009,53009,Mingda Wang,Mingda Wang
181,1739060,Bubble Breaking,bubble_breaking,https://cdn.cloudflare.steamstatic.com/steam/apps/1739060/header.jpg?t=1631187170,-1,-1,-1,-1,-1,-1,2021-09-09,199,199,0,0,0,1,5,-2,-1,,,-1,-1,-1,,50666,50677,Gerald W Lynch,GJ Arts
182,1739070,Bone's Cafe,bones_cafe,https://cdn.cloudflare.steamstatic.com/steam/apps/1739070/header.jpg?t=1645637764,-1,-1,-1,-1,-1,-1,2022-05-31,0,0,0,0,1,-1,20,1,-1,,,-1,-1,-1,,56855,56855,Acute Owl Studio,Acute Owl Studio
183,1739080,Woodcutter Warrior,woodcutter_warrior,https://cdn.cloudflare.steamstatic.com/steam/apps/1739080/header.jpg?t=1644425833,-1,-1,-1,-1,-1,-1,1970-01-01,0,0,0,0,1,-1,15,-2,-1,,,-1,-1,-1,,52739,52739,ForestWare Games,ForestWare Games
184,1739130,Cornmaze Craze,cornmaze_craze,https://cdn.cloudflare.steamstatic.com/steam/apps/1739130/header.jpg?t=1636228507,-1,-1,2,-1,-1,-1,2021-10-29,299,299,0,0,0,-1,7,-2,-1,,,-1,-1,-1,299.0,53010,53010,Elmok,Elmok
185,1739150,Spookity Hollow,spookity_hollow,https://cdn.cloudflare.steamstatic.com/steam/apps/1739150/header.jpg?t=1635581234,-1,-1,8,5,-1,-1,2021-09-16,799,799,0,0,0,5,12,-2,-1,,,-1,-1,-1,799.0,7321,7321,Joure Visser,Joure Visser
186,1739160,――Chigau!!!,chigau,https://cdn.cloudflare.steamstatic.com/steam/apps/1739160/header.jpg?t=1643524732,-1,-1,10,7,-1,-1,2021-09-16,1499,1499,0,0,0,7,44,-2,14553,,,-1,-1,-1,1499.0,50803,50803,"StudioThursday, Inc.","StudioThursday, Inc."
187,1739280,Bramblewood,bramblewood,https://cdn.cloudflare.steamstatic.com/steam/apps/1739280/header.jpg?t=1643821116,-1,-1,-1,-1,-1,-1,2022-10-03,0,0,0,0,1,-1,6,-2,-1,,,-1,-1,-1,,58254,58255,Gilded Octopus,Gilded Octopus Studios
188,1739360,Hold The Plates,hold_the_plates,https://cdn.cloudflare.steamstatic.com/steam/apps/1739360/header.jpg?t=1638624251,-1,-1,-1,-1,-1,-1,2021-09-14,99,99,1,0,0,-1,3,-2,-1,,,-1,-1,-1,,53781,50804,12x1 Doze Por Um Studio,Ricardo Rodrigues Games
189,1739420,Chessie Chicken,chessie_chicken,https://cdn.cloudflare.steamstatic.com/steam/apps/1739420/header.jpg?t=1648192479,-1,-1,-1,-1,-1,-1,2022-03-23,799,799,0,0,0,-1,6,-1,13038,,,-1,-1,-1,,59703,59703,OMEGABYTE,OMEGABYTE
190,1739480,Hordebreaker,hordebreaker,https://cdn.cloudflare.steamstatic.com/steam/apps/1739480/header.jpg?t=1643613067,-1,-1,2,2,-1,-1,2021-12-18,99,99,0,0,0,2,7,-2,16377,,,-1,-1,-1,399.0,53873,53873,Samuel Whipple,Samuel Whipple
191,1739500,CAGE-FACE | Case 2: The Sewer,cage_face_case_2_the_sewer,https://cdn.cloudflare.steamstatic.com/steam/apps/1739500/header.jpg?t=1635174497,-1,-1,6,4,-1,-1,2021-10-25,499,499,0,0,0,2,31,-2,-1,,,-1,-1,-1,499.0,33855,53013,Alex Olinkiewicz,A.O.Games
192,1739520,Diphtheria,diphtheria,https://cdn.cloudflare.steamstatic.com/steam/apps/1739520/header.jpg?t=1633094816,-1,-1,-1,-1,-1,-1,1970-01-01,0,0,0,0,1,-1,397,1,-1,,,-1,-1,-1,,52740,52741,Soldatra Studios,Esai Entertainment
193,1739560,Spirittracker,spirittracker,https://cdn.cloudflare.steamstatic.com/steam/apps/1739560/header.jpg?t=1642721191,-1,-1,-1,-1,-1,-1,2021-09-15,399,399,0,0,0,-1,8,-2,-1,,,-1,-1,-1,399.0,50807,50807,Sean Stanley,Sean Stanley
194,1739600,龙魂大冒险,,https://cdn.cloudflare.steamstatic.com/steam/apps/1739600/header.jpg?t=1641974364,-1,-1,-1,-1,-1,-1,1970-01-01,0,0,1,0,1,-1,58,-2,-1,,,-1,-1,-1,,57418,57418,龙魂大冒险,龙魂大冒险
195,1739620,Chester’s Revenge,chesters_revenge,https://cdn.cloudflare.steamstatic.com/steam/apps/1739620/header.jpg?t=1643737972,-1,-1,-1,-1,-1,-1,1970-01-01,0,0,0,0,1,-1,27,-2,-1,,,-1,-1,-1,,56550,36583,Wojo Studios LLC,Bonus Stage Publishing
196,1739640,Billiards Legend:Black 8 Miracle,billiards_legendblack_8_miracle,https://cdn.cloudflare.steamstatic.com/steam/apps/1739640/header.jpg?t=1634210205,-1,-1,-1,-1,-1,-1,2021-10-14,599,599,0,0,0,1,7,-2,-1,,,-1,-1,-1,599.0,52035,52035,MiniSports,MiniSports
197,1739650,Interdimension,interdimension,https://cdn.cloudflare.steamstatic.com/steam/apps/1739650/header.jpg?t=1644595344,-1,-1,-1,-1,-1,-1,2022-12-31,0,0,0,0,1,-1,611,-2,-1,,,-1,-1,-1,,53007,53007,InnoMind,InnoMind
198,1739680,Tales of a Rabbit: The Story of Willie Hop,tales_of_a_rabbit_the_story_of_willie_hop,https://cdn.cloudflare.steamstatic.com/steam/apps/1739680/header.jpg?t=1631889131,-1,-1,2,2,-1,-1,2021-09-17,99,99,0,0,0,1,7,-2,-1,,,-1,-1,-1,499.0,50208,50208,Not Awful Studio,Not Awful Studio
199,1739710,Dreams Of The Elements,dreams_of_the_elements,https://cdn.cloudflare.steamstatic.com/steam/apps/1739710/header.jpg?t=1647125322,-1,-1,1,1,-1,-1,2021-10-06,499,499,0,0,0,3,10,-2,-1,,,-1,-1,-1,,"52482,52483",52483,"Nicholas Stephens, Crusader's Fellowship",Crusader's Fellowship
