,steam_appid,name,name_slug,header_image,reviews_total,reviews_score_fancy,unfiltered_reviews_total,unfiltered_reviews_steam_purchase,metacritic_score,hidden_gem_score,steam_release_date,current_price_usd,base_price_usd,is_free,is_f2p,coming_soon,peak_ccu,followers,early_access,current_topsellers_rank,opencritic_score,playtracker_insight_rank,reviews_7day,reviews_30day,reviews_90day,launch_price,developer_ids,publisher_ids,developer,publisher,test_col
0,730,Counter-Strike: Global Offensive,counter_strike_global_offensive,https://cdn.cloudflare.steamstatic.com/steam/apps/730/header.jpg?t=1641233427,6235485,87.7416,6235485,3309021,83,0.509531,2012-08-21,1499.0,1499.0,1,1,0,1305714,-1,0,2,82.1818,1.0,453,987,1531,1499.0,"1,23",1,"Valve, Hidden Path Entertainment",Valve,test
1,578080,PUBG: BATTLEGROUNDS,pubg_battlegrounds,https://cdn.cloudflare.steamstatic.com/steam/apps/578080/header.jpg?t=1642587532,1967390,71.106,1967390,1585045,-1,0.144299,2017-12-21,0.0,0.0,1,1,0,3236027,2991095,-1,8,76.7458,10.0,7274,18958,37059,2999.0,8949,8949,"KRAFTON, Inc.","KRAFTON, Inc.",test
2,570,Dota 2,dota_2,https://cdn.cloudflare.steamstatic.com/steam/apps/570/header.jpg?t=1639608963,1680213,73.7982,1680213,14350,90,0.294579,2013-07-09,0.0,0.0,1,1,0,1291328,-1,0,7,93.75,9.0,-1,-1,-1,2999.0,1,1,Valve,Valve,test
3,271590,Grand Theft Auto V,grand_theft_auto_v,https://cdn.cloudflare.steamstatic.com/steam/apps/271590/header.jpg?t=1618856444,1169506,89.9058,1301636,1169506,96,0.601554,2015-04-13,0.0,0.0,0,0,0,360761,2457397,0,13,95.569,14.0,6912,12337,17615,2999.0,6022,2769,Rockstar North,Rockstar Games,test
4,359550,Tom Clancy's Rainbow Six® Siege,tom_clancys_rainbow_six_siege,https://cdn.cloudflare.steamstatic.com/steam/apps/359550/header.jpg?t=1639409141,868924,83.8348,1033278,868924,-1,0.536834,2015-12-01,1999.0,1999.0,0,0,0,199830,1157256,0,13,,31.0,705,2051,4422,5999.0,3355,3356,Ubisoft Montreal,Ubisoft,test
5,440,Team Fortress 2,team_fortress_2,https://cdn.cloudflare.steamstatic.com/steam/apps/440/header.jpg?t=1592263852,848470,87.3517,848470,12994,92,0.603481,2007-10-10,0.0,0.0,1,1,0,150037,-1,0,51,,4.0,-1,-1,-1,0.0,1,1,Valve,Valve,test
6,105600,Terraria,terraria,https://cdn.cloudflare.steamstatic.com/steam/apps/105600/header.jpg?t=1590092560,728088,94.4516,918481,728088,83,0.672356,2011-05-16,999.0,999.0,0,0,0,486918,637918,0,76,79.24,12.0,186,560,1806,999.0,1431,1431,Re-Logic,Re-Logic,test
7,4000,Garry's Mod,garrys_mod,https://cdn.cloudflare.steamstatic.com/steam/apps/4000/header.jpg?t=1617307042,678572,93.367,798920,678572,-1,0.665694,2006-11-29,999.0,999.0,0,0,0,73750,-1,0,103,,5.0,-1,-1,-1,999.0,5278,1,Facepunch Studios,Valve,test
8,252490,Rust,rust,https://cdn.cloudflare.steamstatic.com/steam/apps/252490/header.jpg?t=1645133322,604032,86.8539,753187,604032,69,0.570966,2018-02-08,3999.0,3999.0,0,0,0,244394,896716,-1,24,66.6667,25.0,1163,2109,3748,1999.0,5278,5278,Facepunch Studios,Facepunch Studios,test
9,292030,The Witcher® 3: Wild Hunt,the_witcher_3_wild_hunt,https://cdn.cloudflare.steamstatic.com/steam/apps/292030/header.jpg?t=1621939214,561471,93.1543,610450,561471,93,0.673035,2015-05-18,3999.0,3999.0,0,0,0,103329,820232,0,149,,52.0,2070,4995,7472,3999.0,7170,7170,CD PROJEKT RED,CD PROJEKT RED,test
10,945360,Among Us,among_us,https://cdn.cloudflare.steamstatic.com/steam/apps/945360/header.jpg?t=1639121898,537419,79.6488,610197,537419,85,0.497208,2018-11-16,499.0,499.0,0,0,0,438524,289657,0,146,,56.0,-1,-1,18,499.0,2517,2517,Innersloth,Innersloth,test
11,304930,Unturned,unturned,https://cdn.cloudflare.steamstatic.com/steam/apps/304930/header.jpg?t=1642457764,468423,86.9381,468423,7712,-1,0.617784,2017-07-07,0.0,0.0,1,1,0,70692,520904,-1,574,,6.0,-1,14,22,0.0,18292,18292,Smartly Dressed Games,Smartly Dressed Games,test
12,230410,Warframe,warframe,https://cdn.cloudflare.steamstatic.com/steam/apps/230410/header.jpg?t=1645212234,467081,85.8895,472633,2913,69,0.608637,2013-03-25,0.0,0.0,1,1,0,181509,778548,0,24,73.2308,7.0,-1,-1,-1,0.0,13958,13958,Digital Extremes,Digital Extremes,test
13,1085660,Destiny 2,destiny_2,https://cdn.cloudflare.steamstatic.com/steam/apps/1085660/header.jpg?t=1644618331,445194,77.9963,445194,109461,83,0.451738,2019-10-01,0.0,0.0,1,0,0,292314,543730,0,2,83.7917,21.0,1267,3410,20759,3499.0,33087,2439,Bungie,Bungie ,test
14,1091500,Cyberpunk 2077,cyberpunk_2077,https://cdn.cloudflare.steamstatic.com/steam/apps/1091500/header.jpg?t=1645002899,434218,73.323,494631,434218,86,0.351136,2020-12-09,2999.0,5999.0,0,0,0,830387,1201549,0,10,,477.0,79585,138239,154636,5999.0,7170,7170,CD PROJEKT RED,CD PROJEKT RED,test
15,550,Left 4 Dead 2,left_4_dead_2,https://cdn.cloudflare.steamstatic.com/steam/apps/550/header.jpg?t=1630686839,424227,94.0899,594792,424227,89,0.684936,2009-11-16,999.0,999.0,0,0,0,161590,-1,0,130,,3.0,-1,-1,-1,999.0,1,1,Valve,Valve,test
16,381210,Dead by Daylight,dead_by_daylight,https://cdn.cloudflare.steamstatic.com/steam/apps/381210/header.jpg?t=1644980149,415926,75.9966,578672,415926,-1,0.423125,2016-06-14,1999.0,1999.0,0,0,0,105052,1377577,0,30,66.0556,88.0,1880,4484,8460,1999.0,14544,14544,Behaviour Interactive Inc.,Behaviour Interactive Inc.,test
17,346110,ARK: Survival Evolved,ark_survival_evolved,https://cdn.cloudflare.steamstatic.com/steam/apps/346110/header.jpg?t=1644270935,403678,87.2371,504329,403678,70,0.607442,2017-08-27,2999.0,2999.0,0,0,0,157355,1296407,-1,47,60.5667,102.0,2054,3147,6194,2999.0,"5179,5180,5181,5182",5179,"Studio Wildcard, Instinct Games, Efecto Studios, Virtual Basement LLC",Studio Wildcard,test
18,1172470,Apex Legends™,apex_legends,https://cdn.cloudflare.steamstatic.com/steam/apps/1172470/header.jpg?t=1645113677,398791,84.2704,398791,785,88,0.511501,2020-11-04,0.0,0.0,1,1,0,392998,288013,0,4,,140.0,-1,30,95,0.0,16690,668,Respawn Entertainment,Electronic Arts,test
19,227300,Euro Truck Simulator 2,euro_truck_simulator_2,https://cdn.cloudflare.steamstatic.com/steam/apps/227300/header.jpg?t=1642790154,397746,94.0447,522227,397746,79,0.686098,2012-10-12,1999.0,1999.0,0,0,0,60883,714323,0,65,,73.0,-1,-1,-1,1999.0,9678,4793,SCS Software,SCS Software,test
20,1097150,Fall Guys: Ultimate Knockout,fall_guys_ultimate_knockout,https://cdn.cloudflare.steamstatic.com/steam/apps/1097150/header.jpg?t=1645126741,373229,75.7672,423026,373229,80,0.437402,2020-08-03,1999.0,1999.0,0,0,0,172026,661381,0,87,80.5,238.0,14551,60466,94067,1999.0,26096,,Mediatonic,,test
21,413150,Stardew Valley,stardew_valley,https://cdn.cloudflare.steamstatic.com/steam/apps/413150/header.jpg?t=1608624324,371904,94.8391,442364,371904,89,0.702036,2016-02-26,1499.0,1499.0,0,0,0,94479,616030,0,57,89.5,92.0,2771,7900,11822,1499.0,23889,23889,ConcernedApe,ConcernedApe,test
22,218620,PAYDAY 2,payday_2,https://cdn.cloudflare.steamstatic.com/steam/apps/218620/header.jpg?t=1645085106,361766,90.4675,565917,361766,79,0.671944,2013-08-13,999.0,999.0,0,0,0,247628,7866571,0,104,,2.0,360,795,1279,999.0,24783,12639,OVERKILL - a Starbreeze Studio.,Starbreeze Publishing AB,test
23,252950,Rocket League®,rocket_league,https://cdn.cloudflare.steamstatic.com/steam/apps/252950/header.jpg?t=1600873212,337174,89.1328,462207,342288,86,0.473023,2015-07-06,,,0,0,0,119124,583750,0,11055,,23.0,-1,-1,-1,1999.0,21734,21734,Psyonix LLC,Psyonix LLC,test
24,739630,Phasmophobia,phasmophobia,https://cdn.cloudflare.steamstatic.com/steam/apps/739630/header.jpg?t=1638041534,327548,93.1954,401762,327548,-1,0.671431,2020-09-18,1399.0,1399.0,0,0,0,112241,257251,1,37,,299.0,698,24899,88906,1399.0,22609,22609,Kinetic Games,Kinetic Games,test
25,444090,Paladins®,paladins,https://cdn.cloudflare.steamstatic.com/steam/apps/444090/header.jpg?t=1643214144,320064,75.4484,320064,9262,83,0.454509,2018-05-08,0.0,0.0,1,1,0,60566,336739,-1,158,,20.0,-1,-1,-1,0.0,22491,9625,Evil Mojo Games,Hi-Rez Studios,test
26,242760,The Forest,the_forest,https://cdn.cloudflare.steamstatic.com/steam/apps/242760/header.jpg?t=1590522045,294687,92.1496,348767,294687,83,0.66279,2018-04-30,1999.0,1999.0,0,0,0,63683,650374,-1,68,81.4706,72.0,916,1923,3712,1499.0,24954,24954,Endnight Games Ltd,Endnight Games Ltd,test
27,892970,Valheim,valheim,https://cdn.cloudflare.steamstatic.com/steam/apps/892970/header.jpg?t=1643901934,287402,89.0838,331807,287402,-1,0.634492,2021-02-02,1999.0,1999.0,0,0,0,498478,402585,1,61,,385.0,7553,81983,131485,1999.0,24340,42595,Iron Gate AB,Coffee Stain Publishing,test
28,236390,War Thunder,war_thunder,https://cdn.cloudflare.steamstatic.com/steam/apps/236390/header.jpg?t=1643358305,277028,71.354,277028,1660,81,0.313853,2013-08-15,0.0,0.0,1,1,0,63379,353990,0,17,74.6364,34.0,-1,-1,-1,0.0,12350,9629,Gaijin Entertainment,Gaijin Distribution KFT,test
29,291550,Brawlhalla,brawlhalla,https://cdn.cloudflare.steamstatic.com/steam/apps/291550/header.jpg?t=1642624254,271326,78.773,271326,2810,-1,0.477371,2017-10-17,0.0,0.0,1,1,0,34169,149472,-1,100,68.0,26.0,-1,-1,-1,0.0,23061,3356,Blue Mammoth Games,Ubisoft,test
30,221100,DayZ,dayz,https://cdn.cloudflare.steamstatic.com/steam/apps/221100/header.jpg?t=1643209285,246019,83.7988,295340,246019,-1,0.58919,2018-12-13,4499.0,4499.0,0,0,0,52696,496845,-1,78,41.3333,229.0,1269,2045,2625,4499.0,2068,2068,Bohemia Interactive,Bohemia Interactive,test
31,620,Portal 2,portal_2,https://cdn.cloudflare.steamstatic.com/steam/apps/620/header.jpg?t=1610490805,229975,94.3407,286134,229975,95,0.714815,2011-04-18,999.0,999.0,0,0,0,14984,309576,0,218,,8.0,438,762,1315,999.0,1,1,Valve,Valve,test
32,239140,Dying Light,dying_light,https://cdn.cloudflare.steamstatic.com/steam/apps/239140/header.jpg?t=1644831730,225009,91.1329,313358,228907,87,0.653412,2016-04-21,2999.0,2999.0,0,0,0,45770,628946,0,91,73.3068,99.0,1256,2569,3469,3999.0,3064,3064,Techland,Techland,test
33,1174180,Red Dead Redemption 2,red_dead_redemption_2,https://cdn.cloudflare.steamstatic.com/steam/apps/1174180/header.jpg?t=1618851907,224548,89.3169,251166,224548,93,0.626099,2019-12-05,5999.0,5999.0,0,0,0,55269,468911,0,46,95.7536,806.0,2539,9136,16001,5999.0,2769,2769,Rockstar Games,Rockstar Games,test
34,322330,Don't Starve Together,dont_starve_together,https://cdn.cloudflare.steamstatic.com/steam/apps/322330/header_alt_assets_29.jpg?t=1643303985,211617,92.3366,321504,211617,83,0.695535,2016-04-21,1499.0,1499.0,0,0,0,66829,534651,-1,106,-1.0,36.0,508,739,1383,1499.0,666,666,Klei Entertainment,Klei Entertainment,test
35,433850,Z1 Battle Royale,z1_battle_royale,https://cdn.cloudflare.steamstatic.com/steam/apps/433850/header.jpg?t=1579626820,208746,45.9629,208746,147492,70,-1.0,2018-02-28,0.0,0.0,1,0,0,150179,516971,-1,3696,69.8,27.0,697,2748,3777,1999.0,6059,6059,Daybreak Game Company,Daybreak Game Company,test
36,582010,Monster Hunter: World,monster_hunter_world,https://cdn.cloudflare.steamstatic.com/steam/apps/582010/header.jpg?t=1644281885,208503,88.4912,346267,212826,88,0.684551,2018-08-09,2999.0,2999.0,0,0,0,329333,767990,0,95,89.36,237.0,6759,11918,14318,2999.0,6961,6961,"CAPCOM Co., Ltd.","CAPCOM Co., Ltd.",test
37,374320,DARK SOULS™ III,dark_souls_iii,https://cdn.cloudflare.steamstatic.com/steam/apps/374320/header.jpg?t=1644436409,205412,88.4796,315463,205412,89,0.651339,2016-04-11,5999.0,5999.0,0,0,0,129831,577603,0,143,,132.0,2941,5343,7161,5999.0,14867,"315,14867","FromSoftware, Inc.","BANDAI NAMCO Entertainment, FromSoftware, Inc.",test
38,1063730,New World,new_world,https://cdn.cloudflare.steamstatic.com/steam/apps/1063730/header.jpg?t=1643097634,189958,49.9892,220203,189958,70,-1.0,2021-09-28,3999.0,3999.0,0,0,0,913027,380519,0,85,,1231.0,39087,76287,104573,3999.0,58532,1637,Amazon Games,Amazon Games,test
39,367520,Hollow Knight,hollow_knight,https://cdn.cloudflare.steamstatic.com/steam/apps/367520/header.jpg?t=1625363925,183125,93.5943,207733,183125,87,0.699011,2017-02-24,749.0,1499.0,0,0,0,12781,286466,0,184,90.1936,277.0,340,872,1643,1499.0,22090,22090,Team Cherry,Team Cherry,test
40,238960,Path of Exile,path_of_exile,https://cdn.cloudflare.steamstatic.com/steam/apps/238960/header.jpg?t=1643315564,178527,84.2462,178527,1083,86,0.616497,2013-10-23,0.0,0.0,1,1,0,158140,246245,0,35,,40.0,-1,-1,-1,0.0,20672,20672,Grinding Gear Games,Grinding Gear Games,test
41,275850,No Man's Sky,no_mans_sky,https://cdn.cloudflare.steamstatic.com/steam/apps/275850/header_alt_assets_9.jpg?t=1645026130,175370,83.7407,223296,175370,61,0.63005,2016-08-12,2999.0,5999.0,0,0,0,212321,695299,0,43,70.4105,309.0,23534,38901,44279,5999.0,8074,8074,Hello Games,Hello Games,test
42,698780,Doki Doki Literature Club!,doki_doki_literature_club,https://cdn.cloudflare.steamstatic.com/steam/apps/698780/header.jpg?t=1586800322,173317,89.5542,173317,373,-1,0.693509,2017-10-06,0.0,0.0,1,0,0,7402,138738,0,5466,-1.0,256.0,-1,19,63,0.0,13221,13221,Team Salvato,Team Salvato,test
43,1172620,Sea of Thieves,sea_of_thieves,https://cdn.cloudflare.steamstatic.com/steam/apps/1172620/header.jpg?t=1645196360,172161,86.2248,202009,172161,-1,0.597022,2020-06-03,3999.0,3999.0,0,0,0,66632,324952,0,32,66.6265,944.0,1875,5280,10046,3999.0,16689,44659,Rare Ltd,Xbox Game Studios,test
44,264710,Subnautica,subnautica,https://cdn.cloudflare.steamstatic.com/steam/apps/264710/header.jpg?t=1642457299,171526,92.5914,187957,171526,87,0.720709,2018-01-23,2999.0,2999.0,0,0,0,50876,554739,-1,185,85.5897,427.0,3741,9177,12676,2499.0,8793,8793,Unknown Worlds Entertainment,Unknown Worlds Entertainment,test
45,377160,Fallout 4,fallout_4,https://cdn.cloudflare.steamstatic.com/steam/apps/377160/header.jpg?t=1635279860,170920,85.2587,271468,170920,84,0.626778,2015-11-09,1999.0,1999.0,0,0,0,471955,852741,0,123,87.0556,93.0,8654,14077,18576,5999.0,7023,3,Bethesda Game Studios,Bethesda Softworks,test
46,49520,Borderlands 2,borderlands_2,https://cdn.cloudflare.steamstatic.com/steam/apps/49520/header.jpg?t=1645058069,170305,88.9189,258491,175931,89,0.707012,2012-09-17,499.0,1999.0,0,0,0,123596,289078,0,105,85.9,11.0,225,585,934,1999.0,"22,3459,8196","528,3459,8196","Gearbox Software, Aspyr (Mac), Aspyr (Linux)","2K, Aspyr (Mac), Aspyr (Linux)",test
47,250900,The Binding of Isaac: Rebirth,the_binding_of_isaac_rebirth,https://cdn.cloudflare.steamstatic.com/steam/apps/250900/header.jpg?t=1617174663,168132,92.1557,190144,168132,-1,0.69983,2014-11-04,1499.0,1499.0,0,0,0,70483,231886,0,113,88.3529,392.0,2361,3721,6101,1499.0,"6256,46618",6256,"Nicalis, Inc., Edmund McMillen","Nicalis, Inc.",test
48,976730,Halo: The Master Chief Collection,halo_the_master_chief_collection,https://cdn.cloudflare.steamstatic.com/steam/apps/976730/header.jpg?t=1634144453,166869,86.8408,183599,166869,-1,0.657756,2019-12-03,3999.0,3999.0,0,0,0,93305,458405,0,195,,278.0,24216,39537,46274,3999.0,"14817,44673,44938,44939,48630",44659,"Ruffian Games, 343 Industries, Bungie, Saber Interactive, Splash Damage",Xbox Game Studios,test
49,1145360,Hades,hades,https://cdn.cloudflare.steamstatic.com/steam/apps/1145360/header.jpg?t=1624463563,166520,93.0988,180875,166520,93,0.710628,2020-09-17,2499.0,2499.0,0,0,0,37586,230162,-1,162,,917.0,2868,10969,37719,2499.0,2065,2065,Supergiant Games,Supergiant Games,test
50,322170,Geometry Dash,geometry_dash,https://cdn.cloudflare.steamstatic.com/steam/apps/322170/header.jpg?t=1624472273,161377,88.7313,175397,161377,-1,0.645219,2014-12-22,399.0,399.0,0,0,0,15038,83518,0,434,,675.0,144,602,1335,399.0,4228,4228,RobTop Games,RobTop Games,test
51,107410,Arma 3,arma_3,https://cdn.cloudflare.steamstatic.com/steam/apps/107410/header.jpg?t=1643208914,160879,86.0274,215613,160879,74,0.64245,2013-09-12,2999.0,2999.0,0,0,0,56185,-1,0,124,,117.0,76,166,618,2999.0,2068,2068,Bohemia Interactive,Bohemia Interactive,test
52,319630,Life is Strange - Episode 1,life_is_strange_episode_1,https://cdn.cloudflare.steamstatic.com/steam/apps/319630/header.jpg?t=1592488448,155893,88.8193,155893,111008,-1,0.739781,2015-01-29,1999.0,1999.0,1,0,0,18260,256321,0,650,,41.0,1766,2876,4503,1999.0,"52,5917,14626","52,53,818","Feral Interactive (Mac), Feral Interactive (Linux), DONTNOD Entertainment","Feral Interactive (Mac), Feral Interactive (Linux), Square Enix",test
53,391540,Undertale,undertale,https://cdn.cloudflare.steamstatic.com/steam/apps/391540/header.jpg?t=1579096091,152766,92.5935,173863,152766,92,0.721075,2015-09-15,999.0,999.0,0,0,0,10462,317065,0,367,93.6889,222.0,707,3801,11991,999.0,16286,16286,tobyfox,tobyfox,test
54,960090,Bloons TD 6,bloons_td_6,https://cdn.cloudflare.steamstatic.com/steam/apps/960090/header.jpg?t=1634303522,147543,93.7861,167815,147543,-1,0.693888,2018-12-17,999.0,999.0,0,0,0,53891,46134,0,89,,529.0,93,211,393,999.0,4768,4768,Ninja Kiwi,Ninja Kiwi,test
55,289070,Sid Meier’s Civilization® VI,sid_meiers_civilization_vi,https://cdn.cloudflare.steamstatic.com/steam/apps/289070/header.jpg?t=1643315625,145369,84.935,204842,145369,88,0.59548,2016-10-20,899.0,5999.0,0,0,0,162314,639275,0,23,,250.0,2295,3750,7076,5999.0,"3459,3515,8196","528,3459,8196","Aspyr (Mac), Firaxis Games, Aspyr (Linux)","2K, Aspyr (Mac), Aspyr (Linux)",test
56,251570,7 Days to Die,7_days_to_die,https://cdn.cloudflare.steamstatic.com/steam/apps/251570/header.jpg?t=1641519515,145033,85.6989,208190,145033,-1,0.614156,2013-12-13,2499.0,2499.0,0,0,0,70001,402858,1,132,36.55,155.0,175,653,1713,2499.0,9351,9352,The Fun Pimps,The Fun Pimps Entertainment LLC,test
57,261550,Mount & Blade II: Bannerlord,mount_blade_ii_bannerlord,https://cdn.cloudflare.steamstatic.com/steam/apps/261550/header.jpg?t=1641803125,143018,84.1678,181622,143018,-1,0.618553,2020-03-30,4999.0,4999.0,0,0,0,248034,756952,1,112,,1262.0,23332,39814,46090,4999.0,18961,18961,TaleWorlds Entertainment,TaleWorlds Entertainment,test
58,255710,Cities: Skylines,cities_skylines,https://cdn.cloudflare.steamstatic.com/steam/apps/255710/header.jpg?t=1643288114,138520,88.3357,186571,138520,85,0.65569,2015-03-10,2999.0,2999.0,0,0,0,57421,610656,0,26,82.8714,112.0,2301,4220,5651,2999.0,15188,4790,Colossal Order Ltd.,Paradox Interactive,test
59,648800,Raft,raft,https://cdn.cloudflare.steamstatic.com/steam/apps/648800/header.jpg?t=1642416570,136968,90.5674,160698,136968,-1,0.669675,2018-05-23,1999.0,1999.0,0,0,0,41946,477880,1,52,,464.0,1044,2328,3186,1999.0,18842,12390,Redbeet Interactive,Axolot Games,test
60,227940,Heroes & Generals,heroes_generals,https://cdn.cloudflare.steamstatic.com/steam/apps/227940/header_alt_assets_13.jpg?t=1644005375,136731,67.2328,136731,2491,-1,0.372972,2016-10-18,0.0,0.0,1,1,0,20882,-1,-1,477,,42.0,-1,-1,-1,0.0,54712,54712,TLM Partners,TLM Partners,test
61,782330,DOOM Eternal,doom_eternal,https://cdn.cloudflare.steamstatic.com/steam/apps/782330/header.jpg?t=1639072952,131177,88.7109,145496,131177,88,0.679784,2020-03-19,3999.0,3999.0,0,0,0,84865,216656,0,247,89.0259,897.0,18366,30513,41599,5999.0,2,3,id Software,Bethesda Softworks,test
62,700330,SCP: Secret Laboratory,scp_secret_laboratory,https://cdn.cloudflare.steamstatic.com/steam/apps/700330/header.jpg?t=1645283619,131152,86.3056,131152,-1,-1,0.635719,2017-12-29,0.0,0.0,1,0,0,11109,116870,0,-1,,220.0,-1,-1,-1,0.0,20987,20987,Northwood Studios,Northwood Studios,test
63,1240440,Halo Infinite,halo_infinite,https://cdn.cloudflare.steamstatic.com/steam/apps/1240440/header.jpg?t=1639025793,131074,62.9906,131074,18918,-1,-1.0,2021-11-15,0.0,0.0,1,0,0,256619,191526,0,72,,423.0,2212,9270,15510,0.0,44673,44659,343 Industries,Xbox Game Studios,test
64,1782210,Crab Game,crab_game,https://cdn.cloudflare.steamstatic.com/steam/apps/1782210/header.jpg?t=1638221608,130854,85.1853,130854,-1,-1,0.587254,2021-10-29,0.0,0.0,1,0,0,56042,27564,-2,2391,,,-1,-1,-1,,34874,34874,Dani,Dani,test
65,203160,Tomb Raider,tomb_raider,https://cdn.cloudflare.steamstatic.com/steam/apps/203160/header.jpg?t=1644227315,126996,90.2943,209948,126996,86,0.737935,2013-03-04,1499.0,1499.0,0,0,0,89494,179725,0,987,,13.0,212,492,766,1499.0,"52,9810,26700,27061","52,818","Feral Interactive (Mac), Crystal Dynamics, Nixxes, Eidos-Montréal","Feral Interactive (Mac), Square Enix",test
66,438100,VRChat,vrchat,https://cdn.cloudflare.steamstatic.com/steam/apps/438100/header.jpg?t=1597188061,124670,85.9296,124670,153,-1,0.607261,2017-02-01,0.0,0.0,1,0,0,42564,-1,1,172,,58.0,58,117,117,0.0,26301,26301,VRChat Inc.,VRChat Inc.,test
67,394360,Hearts of Iron IV,hearts_of_iron_iv,https://cdn.cloudflare.steamstatic.com/steam/apps/394360/header.jpg?t=1645196890,123531,86.6057,169915,123531,83,0.627838,2016-06-06,3999.0,3999.0,0,0,0,68019,287618,0,73,83.1176,462.0,750,1259,1792,3999.0,7363,4790,Paradox Development Studio,Paradox Interactive,test
68,632360,Risk of Rain 2,risk_of_rain_2,https://cdn.cloudflare.steamstatic.com/steam/apps/632360/header.jpg?t=1644947978,121904,91.752,181348,121904,85,0.70824,2020-08-11,2499.0,2499.0,0,0,0,71033,258991,-1,121,-1.0,288.0,2916,7357,10942,1999.0,9164,3499,Hopoo Games,Gearbox Publishing,test
69,435150,Divinity: Original Sin 2 - Definitive Edition,divinity_original_sin_2_definitive_edition,https://cdn.cloudflare.steamstatic.com/steam/apps/435150/header.jpg?t=1631177562,121868,88.4248,140474,121868,93,0.685642,2017-09-14,4499.0,4499.0,0,0,0,93350,463459,-1,51,,465.0,1971,4977,9024,4499.0,7232,7232,Larian Studios,Larian Studios,test
70,477160,Human: Fall Flat,human_fall_flat,https://cdn.cloudflare.steamstatic.com/steam/apps/477160/header.jpg?t=1643311003,121233,88.6197,158788,121233,70,0.681731,2016-07-22,1999.0,1999.0,0,0,0,127516,509156,0,236,67.8889,181.0,104,188,251,1499.0,20716,53672,No Brakes Games,Curve Games,test
71,814380,Sekiro™: Shadows Die Twice - GOTY Edition,sekiro_shadows_die_twice_goty_edition,https://cdn.cloudflare.steamstatic.com/steam/apps/814380/header.jpg?t=1603904569,120747,90.4611,171465,120747,88,0.672552,2019-03-21,5999.0,5999.0,0,0,0,124334,486933,0,134,,1123.0,3290,5895,7033,5999.0,4903,"4904,4905,26625",FromSoftware,"Activision (Excluding Japan and Asia), FromSoftware (Japan), 方块游戏 (Asia)",test
72,22380,Fallout: New Vegas,fallout_new_vegas,https://cdn.cloudflare.steamstatic.com/steam/apps/22380/header.jpg?t=1586905021,119444,90.4839,151339,119444,84,0.703893,2010-10-19,999.0,999.0,0,0,0,30309,-1,0,260,,111.0,-1,10,284,999.0,4789,3,Obsidian Entertainment,Bethesda Softworks,test
73,10,Counter-Strike,counter_strike,https://cdn.cloudflare.steamstatic.com/steam/apps/10/header.jpg?t=1602535893,118849,90.9437,198477,118849,88,0.723811,2000-11-01,999.0,999.0,0,0,0,65188,185830,0,724,,45.0,-1,-1,-1,999.0,1,1,Valve,Valve,test
74,301520,Robocraft,robocraft,https://cdn.cloudflare.steamstatic.com/steam/apps/301520/header.jpg?t=1611659769,118445,63.9498,118445,2555,-1,0.565424,2017-08-24,0.0,0.0,1,1,0,26598,159935,-1,2694,,61.0,-1,-1,-1,0.0,18803,2282,Freejam,Freejam,test
75,1625450,Muck,muck,https://cdn.cloudflare.steamstatic.com/steam/apps/1625450/header.jpg?t=1625163481,113521,89.4321,113521,-1,-1,0.663538,2021-06-05,0.0,0.0,1,0,0,16715,37516,-2,-1,,,-1,-1,-1,,34874,34874,Dani,Dani,test
76,1468810,鬼谷八荒 Tale of Immortal,tale_of_immortal,https://cdn.cloudflare.steamstatic.com/steam/apps/1468810/header.jpg?t=1642588230,112401,84.2654,129501,112401,-1,0.615101,2021-01-27,1999.0,1999.0,0,0,0,183985,194301,1,209,,13567.0,91,368,636,1999.0,38650,"13708,38650",鬼谷工作室,"Lightning Games, 鬼谷工作室",test
77,8930,Sid Meier's Civilization® V,sid_meiers_civilization_v,https://cdn.cloudflare.steamstatic.com/steam/apps/8930/header.jpg?t=1579731804,111526,87.3939,182522,111526,90,0.74936,2010-09-21,2999.0,2999.0,0,0,0,91020,-1,0,293,,62.0,-1,-1,136,2999.0,"3459,3515,8196","528,3459,8196","Aspyr (Mac), Firaxis Games, Aspyr (Linux)","2K, Aspyr (Mac), Aspyr (Linux)",test
78,1293830,Forza Horizon 4,forza_horizon_4,https://cdn.cloudflare.steamstatic.com/steam/apps/1293830/header.jpg?t=1622068013,110028,88.0173,120482,110028,-1,0.625442,2021-03-09,5999.0,5999.0,0,0,0,40228,202096,0,203,,4368.0,1240,2845,7055,5999.0,42276,44659,Playground Games,Xbox Game Studios,test
79,552520,Far Cry® 5,far_cry_5,https://cdn.cloudflare.steamstatic.com/steam/apps/552520/header.jpg?t=1628209646,109841,80.7367,120852,109841,-1,0.556304,2018-03-26,5999.0,5999.0,0,0,0,92377,380971,0,553,,475.0,3866,7586,9245,5999.0,"3355,4644,6805,13348,13349",3356,"Ubisoft Montreal, Ubisoft Kiev, Ubisoft Shanghai, Red Storm, Ubisoft Toronto",Ubisoft,test
80,427520,Factorio,factorio,https://cdn.cloudflare.steamstatic.com/steam/apps/427520/header.jpg?t=1620730652,108925,92.812,138162,111240,90,0.744922,2020-08-14,3000.0,3000.0,0,0,0,34640,339540,-1,126,,674.0,2056,3660,6131,3000.0,15433,15433,Wube Software LTD.,Wube Software LTD.,test
81,48700,Mount & Blade: Warband,mount_blade_warband,https://cdn.cloudflare.steamstatic.com/steam/apps/48700/header.jpg?t=1589227310,107920,91.3186,138547,107920,78,0.743494,2010-03-31,1999.0,1999.0,0,0,0,32799,-1,0,587,,279.0,-1,-1,-1,1999.0,18961,18961,TaleWorlds Entertainment,TaleWorlds Entertainment,test
82,379720,DOOM,doom,https://cdn.cloudflare.steamstatic.com/steam/apps/379720/header.jpg?t=1593395083,106642,89.9365,162291,106642,85,0.714647,2016-05-12,1999.0,1999.0,0,0,0,31623,329151,0,699,85.1346,131.0,2990,4589,6931,5999.0,2,3,id Software,Bethesda Softworks,test
83,220,Half-Life 2,half_life_2,https://cdn.cloudflare.steamstatic.com/steam/apps/220/header.jpg?t=1591063154,104839,92.341,139262,104839,96,0.725393,2007-10-10,999.0,999.0,0,0,0,14378,65654,0,925,,29.0,-1,-1,-1,999.0,1,1,Valve,Valve,test
84,294100,RimWorld,rimworld,https://cdn.cloudflare.steamstatic.com/steam/apps/294100/header.jpg?t=1643670325,104510,92.1791,125582,104510,87,0.728868,2018-10-17,3499.0,3499.0,0,0,0,50850,478860,-1,59,81.3333,959.0,1108,1504,4632,3499.0,15368,15368,Ludeon Studios,Ludeon Studios,test
85,812140,Assassin's Creed® Odyssey,assassins_creed_odyssey,https://cdn.cloudflare.steamstatic.com/steam/apps/812140/header.jpg?t=1640083113,104392,85.8323,118197,104392,-1,0.647937,2018-10-05,5999.0,5999.0,0,0,0,61984,290920,0,266,,1133.0,1484,2565,5599,5999.0,"3355,3994,4639,4644,6803,6804,6805",3356,"Ubisoft Montreal, Ubisoft Montpellier, Ubisoft Bucharest, Ubisoft Kiev, Ubisoft Quebec, Ubisoft Singapore, Ubisoft Shanghai",Ubisoft,test
86,444200,World of Tanks Blitz,world_of_tanks_blitz,https://cdn.cloudflare.steamstatic.com/steam/apps/444200/header.jpg?t=1645128530,104013,78.3777,104013,834,-1,0.497141,2016-11-09,0.0,0.0,1,1,0,56489,132023,0,82,,626.0,-1,-1,79,0.0,13344,13344,Wargaming Group Limited,Wargaming Group Limited,test
87,1289310,Helltaker,helltaker,https://cdn.cloudflare.steamstatic.com/steam/apps/1289310/header.jpg?t=1620755466,103234,91.4293,103234,357,-1,0.743503,2020-05-11,0.0,0.0,1,0,0,6489,71442,0,4058,,951.0,-1,40,84,0.0,5237,5237,vanripper,vanripper,test
88,1599340,Lost Ark,lost_ark,https://cdn.cloudflare.steamstatic.com/steam/apps/1599340/header.jpg?t=1644892919,101884,68.4048,101884,41291,-1,-1.0,2022-02-11,0.0,0.0,1,0,0,1324761,244867,-2,1,,731.0,20630,-1,-1,,47837,1637,Smilegate RPG,Amazon Games,test
89,284160,BeamNG.drive,beamngdrive,https://cdn.cloudflare.steamstatic.com/steam/apps/284160/header.jpg?t=1629198641,101324,92.2538,112455,101324,-1,0.697703,2015-05-29,2499.0,2499.0,0,0,0,14251,268352,1,97,,1862.0,64,186,347,2499.0,19662,19662,BeamNG,BeamNG,test
90,755790,Ring of Elysium,ring_of_elysium,https://cdn.cloudflare.steamstatic.com/steam/apps/755790/header.jpg?t=1642904139,99712,65.6195,99712,722,-1,0.598307,2019-06-24,0.0,0.0,1,0,0,63435,430471,-1,1930,,95.0,-1,17,21,0.0,19154,19155,Aurora Studio,TCH Scarlet Limited,test
91,548430,Deep Rock Galactic,deep_rock_galactic,https://cdn.cloudflare.steamstatic.com/steam/apps/548430/header.jpg?t=1644448006,98256,91.9464,122093,98256,85,0.704295,2020-05-13,2999.0,2999.0,0,0,0,41544,-1,-1,119,84.5882,618.0,1288,3503,7123,2999.0,23174,42595,Ghost Ship Games,Coffee Stain Publishing,test
92,1517290,Battlefield™ 2042,battlefield_2042,https://cdn.cloudflare.steamstatic.com/steam/apps/1517290/header.jpg?t=1640018853,97380,15.4022,129360,97380,-1,-1.0,2021-11-19,5999.0,5999.0,0,0,0,100590,278925,-2,374,,3077.0,25708,39291,50957,5999.0,3489,668,DICE,Electronic Arts,test
93,489830,The Elder Scrolls V: Skyrim Special Edition,the_elder_scrolls_v_skyrim_special_edition,https://cdn.cloudflare.steamstatic.com/steam/apps/489830/header.jpg?t=1636654357,96933,89.9778,203488,96933,74,0.683711,2016-10-27,3999.0,3999.0,0,0,0,69777,420181,0,62,80.4468,98.0,105,325,665,3999.0,7023,3,Bethesda Game Studios,Bethesda Softworks,test
94,552990,World of Warships,world_of_warships,https://cdn.cloudflare.steamstatic.com/steam/apps/552990/header.jpg?t=1645108244,96331,80.376,96331,933,81,0.568219,2017-11-15,0.0,0.0,1,1,0,353413,348997,-1,45,79.5625,467.0,-1,-1,-1,0.0,13344,13344,Wargaming Group Limited,Wargaming Group Limited,test
95,386360,SMITE®,smite,https://cdn.cloudflare.steamstatic.com/steam/apps/386360/header.jpg?t=1643139175,96272,73.9568,96272,1335,83,0.465468,2015-09-08,0.0,0.0,1,1,0,31169,234711,0,74,,74.0,-1,-1,-1,0.0,9624,9625,Titan Forge Games,Hi-Rez Studios,test
96,677620,Splitgate,splitgate,https://cdn.cloudflare.steamstatic.com/steam/apps/677620/header.jpg?t=1643294692,95672,87.2238,95672,154,-1,0.647966,2019-05-24,0.0,0.0,1,0,0,67724,54287,0,490,66.5,402.0,32,39,44,0.0,8446,8446,1047 Games,1047 Games,test
97,306130,The Elder Scrolls® Online,the_elder_scrolls_online,https://cdn.cloudflare.steamstatic.com/steam/apps/306130/header.jpg?t=1645194176,95494,79.4853,116132,95494,80,0.552957,2017-05-22,1999.0,1999.0,0,0,0,49061,408307,0,24,,316.0,74,331,957,5999.0,22755,3,Zenimax Online Studios,Bethesda Softworks,test
98,262060,Darkest Dungeon®,darkest_dungeon,https://cdn.cloudflare.steamstatic.com/steam/apps/262060/header.jpg?t=1618936132,94432,88.6149,108494,94432,84,0.711884,2016-01-19,2499.0,2499.0,0,0,0,19285,313754,-1,486,,400.0,787,1438,1961,2499.0,13618,13618,Red Hook Studios,Red Hook Studios,test
99,594650,Hunt: Showdown,hunt_showdown,https://cdn.cloudflare.steamstatic.com/steam/apps/594650/header.jpg?t=1645107761,93180,82.5742,121284,93180,81,0.584503,2019-08-27,3999.0,3999.0,0,0,0,34248,410601,-1,61,77.4103,832.0,816,1306,2649,3999.0,3491,3491,Crytek,Crytek,test
100,8870,BioShock Infinite,bioshock_infinite,https://cdn.cloudflare.steamstatic.com/steam/apps/8870/header.jpg?t=1602794480,90711,87.8876,122534,90711,94,0.697895,2013-03-25,749.0,2999.0,0,0,0,65198,-1,0,101,,80.0,-1,692,991,2999.0,"13954,13955",528,"Irrational Games, Virtual Programming (Linux)",2K,test
101,646570,Slay the Spire,slay_the_spire,https://cdn.cloudflare.steamstatic.com/steam/apps/646570/header.jpg?t=1592339399,90615,91.3226,106265,90615,89,0.744443,2019-01-23,2499.0,2499.0,0,0,0,32937,183678,-1,321,,545.0,678,943,1334,1599.0,9509,9509,Mega Crit Games,Mega Crit Games,test
102,1118200,People Playground,people_playground,https://cdn.cloudflare.steamstatic.com/steam/apps/1118200/header.jpg?t=1644963612,90213,94.7697,95205,90213,-1,0.704001,2019-07-23,999.0,999.0,0,0,0,13056,36914,0,171,,5714.0,12,90,248,999.0,55655,3197,mestiez,Studio Minus,test
103,1046930,Dota Underlords,dota_underlords,https://cdn.cloudflare.steamstatic.com/steam/apps/1046930/header.jpg?t=1621357797,88501,65.3374,88501,-1,-1,0.592878,2019-06-20,0.0,0.0,1,0,0,202254,-1,-1,3821,,317.0,-1,-1,-1,0.0,1,1,Valve,Valve,test
104,240,Counter-Strike: Source,counter_strike_source,https://cdn.cloudflare.steamstatic.com/steam/apps/240/header.jpg?t=1602536047,88368,90.8887,135680,88368,88,0.724188,2004-11-01,999.0,999.0,0,0,0,48458,-1,0,575,,22.0,-1,-1,-1,999.0,1,1,Valve,Valve,test
105,391220,Rise of the Tomb Raider™,rise_of_the_tomb_raider,https://cdn.cloudflare.steamstatic.com/steam/apps/391220/header.jpg?t=1638178620,87916,86.2316,110306,87916,86,0.705137,2016-02-09,2999.0,2999.0,0,0,0,44501,371239,0,804,,202.0,722,1279,1751,5999.0,"52,5917,9810,26700,27061","52,53,818","Feral Interactive (Mac), Feral Interactive (Linux), Crystal Dynamics, Nixxes, Eidos-Montréal","Feral Interactive (Mac), Feral Interactive (Linux), Square Enix",test
106,281990,Stellaris,stellaris,https://cdn.cloudflare.steamstatic.com/steam/apps/281990/header.jpg?t=1643704575,87696,86.305,123282,87696,78,0.668711,2016-05-09,3999.0,3999.0,0,0,0,68517,422691,0,85,81.4375,356.0,2072,3277,4027,3999.0,7363,4790,Paradox Development Studio,Paradox Interactive,test
107,1237970,Titanfall® 2,titanfall_2,https://cdn.cloudflare.steamstatic.com/steam/apps/1237970/header.jpg?t=1619804815,87014,86.4401,106114,87014,86,0.632408,2020-06-18,2999.0,2999.0,0,0,0,27547,102367,0,599,,1016.0,2448,8401,12158,2999.0,16690,668,Respawn Entertainment,Electronic Arts,test
108,813780,Age of Empires II: Definitive Edition,age_of_empires_ii_definitive_edition,https://cdn.cloudflare.steamstatic.com/steam/apps/813780/header.jpg?t=1631209290,86738,90.3184,96269,86738,84,0.707644,2019-11-14,1999.0,1999.0,0,0,0,38725,175401,0,148,83.25,1919.0,2465,7051,10517,1999.0,"36658,44700,44738",44659,"Tantalus Media, Forgotten Empires, Wicked Witch",Xbox Game Studios,test
109,588650,Dead Cells,dead_cells,https://cdn.cloudflare.steamstatic.com/steam/apps/588650/header.jpg?t=1641562340,86603,92.9788,100676,86603,89,0.713432,2018-08-06,2499.0,2499.0,0,0,0,13651,301649,-1,179,88.8444,918.0,524,914,1235,2499.0,7026,7026,Motion Twin,Motion Twin,test
110,518790,theHunter: Call of the Wild™,thehunter_call_of_the_wild,https://cdn.cloudflare.steamstatic.com/steam/apps/518790/header.jpg?t=1638871469,86095,85.23,103487,86095,-1,0.627276,2017-02-16,1999.0,1999.0,0,0,0,23480,405207,0,41,,746.0,427,958,1414,1999.0,8854,8854,Expansive Worlds,Expansive Worlds,test
111,222880,Insurgency,insurgency,https://cdn.cloudflare.steamstatic.com/steam/apps/222880/header.jpg?t=1610560212,85463,83.776,123379,85463,74,0.879821,2014-01-22,1499.0,1499.0,0,0,0,121264,271232,0,2113,,15.0,569,1464,2346,1499.0,11221,11221,New World Interactive,New World Interactive,test
112,400,Portal,portal,https://cdn.cloudflare.steamstatic.com/steam/apps/400/header.jpg?t=1608593358,85453,93.2082,103382,85453,90,0.737683,2007-10-10,999.0,999.0,0,0,0,3370,-1,0,484,,18.0,-1,-1,-1,999.0,1,1,Valve,Valve,test
113,304050,Trove,trove,https://cdn.cloudflare.steamstatic.com/steam/apps/304050/header.jpg?t=1642093156,85064,77.3551,85064,1047,-1,0.591807,2015-07-09,0.0,0.0,0,0,0,58709,118766,0,352,66.5,101.0,-1,-1,-1,0.0,48386,48386,gamigo US Inc.,gamigo US Inc.,test
114,12210,Grand Theft Auto IV: The Complete Edition,grand_theft_auto_iv_the_complete_edition,https://cdn.cloudflare.steamstatic.com/steam/apps/12210/header.jpg?t=1618853493,83804,83.8792,100822,83804,90,0.625188,1970-01-01,599.0,1999.0,0,0,1,11696,111173,0,128,,114.0,-1,-1,-1,1999.0,"6022,6023",2769,"Rockstar North, Rockstar Toronto",Rockstar Games,test
115,1238810,Battlefield V,battlefield_v,https://cdn.cloudflare.steamstatic.com/steam/apps/1238810/header.jpg?t=1641312066,83540,71.2196,103044,83540,-1,0.327322,2020-10-22,4999.0,4999.0,0,0,0,89814,139865,0,185,,1876.0,140,421,1047,4999.0,3489,668,DICE,Electronic Arts,test
116,629760,MORDHAU,mordhau,https://cdn.cloudflare.steamstatic.com/steam/apps/629760/header.jpg?t=1640186318,81457,72.6235,98278,81457,81,0.47188,2019-04-29,2999.0,2999.0,0,0,0,60204,172628,0,469,82.625,572.0,4103,9672,22180,2999.0,14653,14653,Triternion,Triternion,test
117,220200,Kerbal Space Program,kerbal_space_program,https://cdn.cloudflare.steamstatic.com/steam/apps/220200/header.jpg?t=1624555019,81190,90.8167,100265,81190,88,0.75426,2015-04-27,3999.0,3999.0,0,0,0,19079,277709,-1,328,79.3,313.0,1151,1617,2516,3999.0,44987,24720,Squad,Private Division ,test
118,244850,Space Engineers,space_engineers,https://cdn.cloudflare.steamstatic.com/steam/apps/244850/header.jpg?t=1643913240,81004,84.1508,109059,81004,-1,0.655812,2019-02-28,1999.0,1999.0,0,0,0,23867,306411,-1,95,-1.0,243.0,371,561,1008,1999.0,3500,3500,Keen Software House,Keen Software House,test
119,1203220,NARAKA: BLADEPOINT,naraka_bladepoint,https://cdn.cloudflare.steamstatic.com/steam/apps/1203220/header.jpg?t=1645164858,80706,71.0875,90603,80706,71,0.338948,2021-08-11,1399.0,1999.0,0,0,0,186707,365767,0,11,,8220.0,-1,-1,-1,1999.0,18115,47973,24 Entertainment,NetEase Games Montréal,test
120,270880,American Truck Simulator,american_truck_simulator,https://cdn.cloudflare.steamstatic.com/steam/apps/270880/header.jpg?t=1637597018,80158,92.1653,99394,80158,76,0.729354,2016-02-02,1999.0,1999.0,0,0,0,19138,-1,0,92,77.5333,430.0,1718,2592,3222,1999.0,9678,4793,SCS Software,SCS Software,test
121,225540,Just Cause™ 3,just_cause_3,https://cdn.cloudflare.steamstatic.com/steam/apps/225540/header.jpg?t=1612807713,79050,85.9438,98712,79050,74,0.676788,2015-11-30,1999.0,1999.0,0,0,0,23459,305480,0,1089,,116.0,1476,2642,3953,5999.0,6589,818,Avalanche Studios,Square Enix,test
122,466240,Deceit,deceit,https://cdn.cloudflare.steamstatic.com/steam/apps/466240/header.jpg?t=1643111233,78932,75.089,78932,2515,-1,0.528537,2017-03-03,0.0,0.0,1,1,0,16503,158848,-1,1169,-1.0,86.0,87,230,350,0.0,52124,52124,World Makers,World Makers,test
123,219740,Don't Starve,dont_starve,https://cdn.cloudflare.steamstatic.com/steam/apps/219740/header.jpg?t=1602117150,78771,88.7149,94708,78771,79,0.742768,1970-01-01,999.0,999.0,0,0,0,16556,171979,0,525,,158.0,-1,-1,-1,999.0,666,666,Klei Entertainment,Klei Entertainment,test
124,550650,Black Squad,black_squad,https://cdn.cloudflare.steamstatic.com/steam/apps/550650/header.jpg?t=1632909514,78003,64.1284,78003,24,-1,0.402483,2019-06-26,0.0,0.0,1,1,0,15766,263287,-1,807,,129.0,-1,-1,-1,0.0,"8433,58539",8433,"VALOFE, NS STUDIO",VALOFE,test
125,526870,Satisfactory,satisfactory,https://cdn.cloudflare.steamstatic.com/steam/apps/526870/header.jpg?t=1637686926,77951,91.812,87491,77951,-1,0.707089,2020-06-08,2999.0,2999.0,0,0,0,34145,266335,1,108,,1775.0,1917,6115,11344,2999.0,14627,42595,Coffee Stain Studios,Coffee Stain Publishing,test
126,268910,Cuphead,cuphead,https://cdn.cloudflare.steamstatic.com/steam/apps/268910/header.jpg?t=1589281999,77792,91.6301,89019,77792,88,0.710755,2017-09-29,1499.0,1999.0,0,0,0,19076,263894,0,51,87.693,620.0,3456,6985,12260,1999.0,8976,8976,Studio MDHR Entertainment Inc.,Studio MDHR Entertainment Inc.,test
127,211820,Starbound,starbound,https://cdn.cloudflare.steamstatic.com/steam/apps/211820/header.jpg?t=1611668796,77731,83.2234,155206,113716,81,0.690213,2016-07-22,1499.0,1499.0,0,0,0,88355,260912,-1,524,85.1667,189.0,1367,2562,3538,1499.0,1797,1797,Chucklefish,Chucklefish,test
128,508440,Totally Accurate Battle Simulator,totally_accurate_battle_simulator,https://cdn.cloudflare.steamstatic.com/steam/apps/508440/header.jpg?t=1642079445,76898,92.2667,81791,76898,-1,0.726608,2021-04-01,1999.0,1999.0,0,0,0,13608,304298,-1,219,,2686.0,786,1676,2837,1499.0,43088,8202,Landfall,Landfall,test
129,305620,The Long Dark,the_long_dark,https://cdn.cloudflare.steamstatic.com/steam/apps/305620/header.jpg?t=1638931698,76875,85.3326,88047,78519,-1,0.695668,2017-08-01,3499.0,3499.0,0,0,0,14390,465749,-1,742,78.1304,350.0,660,1011,1314,2999.0,16821,16821,Hinterland Studio Inc.,Hinterland Studio Inc.,test
130,361420,ASTRONEER,astroneer,https://cdn.cloudflare.steamstatic.com/steam/apps/361420/header_alt_assets_9.jpg?t=1643717824,76332,87.8877,88581,76332,-1,0.66664,2019-02-05,2999.0,2999.0,0,0,0,17891,487312,-1,172,74.6,1045.0,438,1247,1747,1999.0,16471,16471,System Era Softworks,System Era Softworks,test
131,594570,Total War: WARHAMMER II,total_war_warhammer_ii,https://cdn.cloudflare.steamstatic.com/steam/apps/594570/header.jpg?t=1644489785,76324,72.4322,112005,78231,87,0.413039,2017-09-28,5999.0,5999.0,0,0,0,84254,391136,0,105,86.1489,1394.0,1608,2488,3773,5999.0,"51,52,5917","50,52,53","CREATIVE ASSEMBLY, Feral Interactive (Mac), Feral Interactive (Linux)","SEGA, Feral Interactive (Mac), Feral Interactive (Linux)",test
132,221380,Age of Empires II (2013),age_of_empires_ii_2013,https://cdn.cloudflare.steamstatic.com/steam/apps/221380/header.jpg?t=1620144521,76110,88.6801,93017,76110,68,0.807148,2013-04-09,1999.0,1999.0,0,0,0,27618,187286,0,519,,267.0,87,184,287,1999.0,"44668,44700,44711,48588",44659,"SkyBox Labs, Forgotten Empires, Ensemble Studios, Hidden Path Entertainment",Xbox Game Studios,test
133,1057090,Ori and the Will of the Wisps,ori_and_the_will_of_the_wisps,https://cdn.cloudflare.steamstatic.com/steam/apps/1057090/header.jpg?t=1612897638,75837,91.9925,83230,75837,88,0.732376,2020-03-10,2999.0,2999.0,0,0,0,31224,153174,0,532,89.5647,3152.0,2840,5834,7524,2999.0,1632,44659,Moon Studios GmbH,Xbox Game Studios,test
134,457140,Oxygen Not Included,oxygen_not_included,https://cdn.cloudflare.steamstatic.com/steam/apps/457140/header_alt_assets_5.jpg?t=1639689037,75440,90.6401,80614,75440,86,0.729679,2019-07-30,2499.0,2499.0,0,0,0,27380,338569,-1,270,,1396.0,494,836,1255,1999.0,666,666,Klei Entertainment,Klei Entertainment,test
135,291480,Warface,warface,https://cdn.cloudflare.steamstatic.com/steam/apps/291480/header.jpg?t=1643273116,75209,59.4976,75209,955,62,-1.0,2014-07-01,0.0,0.0,1,0,0,13867,-1,0,383,70.0,78.0,-1,-1,-1,0.0,6459,6459,MY.GAMES,MY.GAMES,test
136,387990,Scrap Mechanic,scrap_mechanic,https://cdn.cloudflare.steamstatic.com/steam/apps/387990/header.jpg?t=1593703247,74798,89.8114,83275,74798,-1,0.71679,2016-01-19,1999.0,1999.0,0,0,0,46366,297906,1,267,,2535.0,405,866,1501,1999.0,12390,12390,Axolot Games,Axolot Games,test
137,397540,Borderlands 3,borderlands_3,https://cdn.cloudflare.steamstatic.com/steam/apps/397540/header.jpg?t=1643331512,74672,81.37,95759,74672,81,0.579745,2020-03-13,1199.0,5999.0,0,0,0,93597,164129,0,20,79.9362,763.0,3632,8935,12931,5999.0,22,528,Gearbox Software,2K,test
138,433340,Slime Rancher,slime_rancher,https://cdn.cloudflare.steamstatic.com/steam/apps/433340/header_alt_assets_9.jpg?t=1642112188,74517,93.1967,84392,74517,81,0.737128,2017-08-01,1999.0,1999.0,0,0,0,7189,228173,-1,284,75.4545,781.0,373,880,1515,1999.0,6049,6049,Monomi Park,Monomi Park,test
139,220240,Far Cry 3,far_cry_3,https://cdn.cloudflare.steamstatic.com/steam/apps/220240/header.jpg?t=1602602935,74480,86.9655,82701,74480,88,0.687221,2012-12-04,1999.0,1999.0,0,0,0,23042,130824,0,1033,,204.0,117,421,743,1999.0,24718,3356,"Ubisoft Montreal, Massive Entertainment, and Ubisoft Shanghai",Ubisoft,test
140,674940,Stick Fight: The Game,stick_fight_the_game,https://cdn.cloudflare.steamstatic.com/steam/apps/674940/header.jpg?t=1614609401,73605,89.5051,91127,73605,-1,0.693502,2017-09-28,499.0,499.0,0,0,0,5033,138141,0,305,,239.0,641,1756,4090,499.0,43109,8202,Landfall West,Landfall,test
141,524220,NieR:Automata™,nierautomata,https://cdn.cloudflare.steamstatic.com/steam/apps/524220/header.jpg?t=1624266255,73231,87.5023,103680,73231,84,0.704802,2017-03-17,3999.0,3999.0,0,0,0,23813,459856,0,416,,696.0,2129,3695,5293,5999.0,"818,5560",818,"Square Enix, PlatinumGames Inc.",Square Enix,test
142,1172380,STAR WARS Jedi: Fallen Order™,star_wars_jedi_fallen_order,https://cdn.cloudflare.steamstatic.com/steam/apps/1172380/header.jpg?t=1614960636,72856,83.8462,87549,72856,81,0.627232,2019-11-14,3999.0,3999.0,0,0,0,46513,177096,0,1148,,1256.0,7475,16457,24337,5999.0,16690,668,Respawn Entertainment,Electronic Arts,test
143,644560,Mirror,mirror,https://cdn.cloudflare.steamstatic.com/steam/apps/644560/header.jpg?t=1642510020,72563,88.3723,84010,72563,-1,0.718179,2018-04-19,199.0,199.0,0,0,0,8116,143056,-1,855,,1400.0,164,358,792,199.0,247,248,KAGAMI WORKs,Paradise Project,test
144,393380,Squad,squad,https://cdn.cloudflare.steamstatic.com/steam/apps/393380/header.jpg?t=1625690130,71875,78.4261,96384,71875,-1,0.544676,2020-09-23,4999.0,4999.0,0,0,0,14953,-1,-1,131,,479.0,1248,3055,7470,3999.0,1679,1679,Offworld Industries,Offworld Industries,test
145,362890,Black Mesa,black_mesa,https://cdn.cloudflare.steamstatic.com/steam/apps/362890/header.jpg?t=1636737000,71627,88.9868,77444,71627,84,0.704382,2020-03-06,1999.0,1999.0,0,0,0,7116,239211,-1,623,85.8182,486.0,1063,4191,7184,1999.0,4787,4787,Crowbar Collective,Crowbar Collective,test
146,236850,Europa Universalis IV,europa_universalis_iv,https://cdn.cloudflare.steamstatic.com/steam/apps/236850/header.jpg?t=1636622219,71131,81.9431,102803,71131,87,0.640837,2013-08-13,3999.0,3999.0,0,0,0,47844,173058,0,156,,644.0,68,134,226,3999.0,"7363,53687",4790,"Paradox Development Studio, Paradox Tinto",Paradox Interactive,test
147,232090,Killing Floor 2,killing_floor_2,https://cdn.cloudflare.steamstatic.com/steam/apps/232090/header.jpg?t=1641925298,70291,82.1571,107976,71281,75,0.858477,2016-11-18,2999.0,2999.0,0,0,0,69246,617985,-1,525,77.7674,147.0,1002,1723,2557,2999.0,25,25,Tripwire Interactive,Tripwire Interactive,test
148,581320,Insurgency: Sandstorm,insurgency_sandstorm,https://cdn.cloudflare.steamstatic.com/steam/apps/581320/header.jpg?t=1640087078,69252,79.307,89785,69252,78,0.558981,2018-12-12,2999.0,2999.0,0,0,0,14474,223808,0,198,78.75,863.0,2379,6505,9155,2999.0,11221,3308,New World Interactive,Focus Home Interactive,test
149,582160,Assassin's Creed® Origins,assassins_creed_origins,https://cdn.cloudflare.steamstatic.com/steam/apps/582160/header.jpg?t=1603213581,68815,81.3595,76115,68815,-1,0.61954,2017-10-26,5999.0,5999.0,0,0,0,41541,314762,0,585,,1441.0,1515,3665,5609,5999.0,3355,3356,Ubisoft Montreal,Ubisoft,test
150,823130,Totally Accurate Battlegrounds,totally_accurate_battlegrounds,https://cdn.cloudflare.steamstatic.com/steam/apps/823130/header.jpg?t=1620818743,68487,86.3466,68487,15235,-1,0.668344,2018-06-05,0.0,0.0,1,1,0,29438,77208,0,1529,,94.0,115,822,1299,499.0,43088,8202,Landfall,Landfall,test
151,883710,Resident Evil 2,resident_evil_2,https://cdn.cloudflare.steamstatic.com/steam/apps/883710/header.jpg?t=1644282201,67654,90.214,104000,67654,89,0.736858,2019-01-24,3999.0,3999.0,0,0,0,74024,268335,0,503,92.325,766.0,3276,5330,5980,3999.0,6961,6961,"CAPCOM Co., Ltd.","CAPCOM Co., Ltd.",test
152,379430,Kingdom Come: Deliverance,kingdom_come_deliverance,https://cdn.cloudflare.steamstatic.com/steam/apps/379430/header.jpg?t=1644861952,67068,77.7882,92442,67068,76,0.520026,2018-02-13,2999.0,2999.0,0,0,0,95863,352678,0,415,71.7976,452.0,4359,7724,9008,2999.0,3570,"3570,47828",Warhorse Studios,"Warhorse Studios, Prime Matter",test
153,304390,FOR HONOR™,for_honor,https://cdn.cloudflare.steamstatic.com/steam/apps/304390/header.jpg?t=1643290052,66521,74.1645,113229,66521,76,0.455411,2017-02-13,1499.0,1499.0,0,0,0,216499,261300,0,150,,46.0,2979,6233,7834,1499.0,"9158,18288,18289,18290",4577,"Blue Byte, Ubisoft Montreal, Ubisoft Quebec, Ubisoft Toronto",Ubisoft,test
154,365590,Tom Clancy’s The Division™,tom_clancys_the_division,https://cdn.cloudflare.steamstatic.com/steam/apps/365590/header.jpg?t=1602605518,66381,76.6675,85765,66381,-1,0.781774,2016-03-07,2999.0,2999.0,0,0,0,113877,471466,0,949,,641.0,3658,6260,8447,2999.0,14762,3356,Massive Entertainment,Ubisoft,test
155,1426210,It Takes Two,it_takes_two,https://cdn.cloudflare.steamstatic.com/steam/apps/1426210/header.jpg?t=1643015238,66041,92.6924,76308,66041,89,0.686596,2021-03-25,3999.0,3999.0,0,0,0,25554,221746,0,59,,4068.0,983,4205,8081,3999.0,46850,668,Hazelight,Electronic Arts,test
156,3590,Plants vs. Zombies GOTY Edition,plants_vs_zombies_goty_edition,https://cdn.cloudflare.steamstatic.com/steam/apps/3590/header.jpg?t=1615390608,65806,93.2746,73059,65806,87,0.735934,2009-05-05,499.0,499.0,0,0,0,12787,-1,0,426,,445.0,-1,-1,-1,999.0,17504,"668,16543","PopCap Games, Inc.","Electronic Arts, PopCap Games, Inc.",test
157,203770,Crusader Kings II,crusader_kings_ii,https://cdn.cloudflare.steamstatic.com/steam/apps/203770/header.jpg?t=1615973075,65730,80.8924,66643,30189,82,0.773359,2012-02-14,0.0,0.0,1,0,0,140269,115441,0,590,,65.0,19,46,80,0.0,7363,4790,Paradox Development Studio,Paradox Interactive,test
158,204360,Castle Crashers®,castle_crashers,https://cdn.cloudflare.steamstatic.com/steam/apps/204360/header.jpg?t=1644362390,65630,90.2635,88617,65630,-1,0.737892,2012-09-26,1499.0,1499.0,0,0,0,15960,153617,0,415,,118.0,35,74,193,1499.0,20675,20675,The Behemoth,The Behemoth,test
159,218230,PlanetSide 2,planetside_2,https://cdn.cloudflare.steamstatic.com/steam/apps/218230/header.jpg?t=1643233304,64981,72.9557,64981,613,84,0.518136,2012-11-20,0.0,0.0,1,1,0,29449,216342,0,236,78.4,68.0,-1,-1,-1,0.0,24784,6059,Rogue Planet Games,Daybreak Game Company,test
160,224260,No More Room in Hell,no_more_room_in_hell,https://cdn.cloudflare.steamstatic.com/steam/apps/224260/header.jpg?t=1635773900,64213,80.1214,64213,752,-1,0.7231,2013-10-31,0.0,0.0,1,0,0,10869,191059,0,-1,,100.0,-1,-1,-1,0.0,12381,12382,No More Room in Hell Team,Lever Games,test
161,20920,The Witcher 2: Assassins of Kings Enhanced Edition,the_witcher_2_assassins_of_kings_enhanced_edition,https://cdn.cloudflare.steamstatic.com/steam/apps/20920/header.jpg?t=1643975758,64112,84.9085,72777,64112,88,0.668212,2012-04-16,1999.0,1999.0,0,0,0,12864,91734,0,870,,96.0,27,52,101,1999.0,7170,"3380,7170",CD PROJEKT RED,"1C-SoftClub, CD PROJEKT RED",test
162,282070,This War of Mine,this_war_of_mine,https://cdn.cloudflare.steamstatic.com/steam/apps/282070/header.jpg?t=1639999944,63679,88.4224,75526,63679,83,0.7551,2014-11-14,499.0,1999.0,0,0,0,9343,353848,0,275,85.0652,266.0,720,1724,3173,1999.0,8773,8773,11 bit studios,11 bit studios,test
163,714010,Aim Lab,aim_lab,https://cdn.cloudflare.steamstatic.com/steam/apps/714010/header.jpg?t=1643819867,63487,88.108,63487,144,-1,0.661285,2018-02-07,0.0,0.0,1,0,0,10354,99729,1,2725,,261.0,16,19,24,0.0,23931,23931,Statespace,Statespace,test
164,108600,Project Zomboid,project_zomboid,https://cdn.cloudflare.steamstatic.com/steam/apps/108600/header.jpg?t=1644611871,62918,90.0513,81488,62918,-1,0.6459,2013-11-08,1999.0,1999.0,0,0,0,65379,244771,1,34,,609.0,22,169,581,1499.0,2324,2324,The Indie Stone,The Indie Stone,test
165,323190,Frostpunk,frostpunk,https://cdn.cloudflare.steamstatic.com/steam/apps/323190/header.jpg?t=1642496017,62911,88.7845,76102,62911,84,0.709054,2018-04-24,2999.0,2999.0,0,0,0,29195,337537,0,326,85.7429,588.0,1611,2787,3650,2999.0,8773,8773,11 bit studios,11 bit studios,test
166,311210,Call of Duty®: Black Ops III,call_of_duty_black_ops_iii,https://cdn.cloudflare.steamstatic.com/steam/apps/311210/header.jpg?t=1639696350,62406,88.9121,122965,62406,73,0.675743,2015-11-05,5999.0,5999.0,0,0,0,63681,276234,0,78,,354.0,2370,4095,6025,5999.0,"35,3459","36,3459","Treyarch, Aspyr (Mac)","Activision, Aspyr (Mac)",test
167,552500,Warhammer: Vermintide 2,warhammer_vermintide_2,https://cdn.cloudflare.steamstatic.com/steam/apps/552500/header.jpg?t=1639156597,62266,80.3563,83810,62266,82,0.612132,2018-03-08,2999.0,2999.0,0,0,0,73203,204036,0,215,83.2093,255.0,2358,3954,5175,2999.0,9142,1561,Fatshark,Fatshark,test
168,412020,Metro Exodus,metro_exodus,https://cdn.cloudflare.steamstatic.com/steam/apps/412020/header.jpg?t=1625576954,62193,86.6709,71926,62193,85,0.661137,2020-02-14,2999.0,2999.0,0,0,0,15357,362245,0,305,82.7664,807.0,958,2355,4542,5999.0,13972,18073,4A Games,Deep Silver ,test
169,20900,The Witcher: Enhanced Edition Director's Cut,the_witcher_enhanced_edition_directors_cut,https://cdn.cloudflare.steamstatic.com/steam/apps/20900/header.jpg?t=1621939811,61571,85.1715,66469,61571,86,0.663186,2008-09-19,999.0,999.0,0,0,0,12627,61947,0,1142,,146.0,-1,-1,-1,999.0,7170,"3380,7170",CD PROJEKT RED,"1C-SoftClub, CD PROJEKT RED",test
170,359320,Elite Dangerous,elite_dangerous,https://cdn.cloudflare.steamstatic.com/steam/apps/359320/header.jpg?t=1644840038,61122,77.5654,79615,61122,80,0.575596,2015-04-02,749.0,2999.0,0,0,0,27568,-1,0,223,79.4333,530.0,353,843,1616,2999.0,9971,9435,Frontier Developments,Frontier Developments,test
171,219990,Grim Dawn,grim_dawn,https://cdn.cloudflare.steamstatic.com/steam/apps/219990/header.jpg?t=1639672339,60770,86.3444,73507,60770,83,0.700101,2016-02-25,2499.0,2499.0,0,0,0,61093,230780,-1,305,82.8462,667.0,550,1020,1451,2999.0,25023,25023,Crate Entertainment,Crate Entertainment,test
172,1217060,Gunfire Reborn,gunfire_reborn,https://cdn.cloudflare.steamstatic.com/steam/apps/1217060/header.jpg?t=1641974781,60575,88.1594,70215,60575,-1,0.692182,2021-11-17,1999.0,1999.0,0,0,0,35002,88933,-1,193,,2065.0,159,2926,6323,1199.0,52701,52701,Duoyi Games,Duoyi Games,test
173,219150,Hotline Miami,hotline_miami,https://cdn.cloudflare.steamstatic.com/steam/apps/219150/header.jpg?t=1622219177,59710,91.2205,71338,59710,85,0.747537,2012-10-23,999.0,999.0,0,0,0,6858,-1,0,1217,,160.0,114,241,925,999.0,7820,1091,Dennaton Games,Devolver DIgital,test
174,12120,Grand Theft Auto: San Andreas,grand_theft_auto_san_andreas,https://cdn.cloudflare.steamstatic.com/steam/apps/12120/header.jpg?t=1627925349,59301,87.9559,68640,59301,93,0.695794,2011-01-06,1499.0,1499.0,0,0,0,3387,90022,0,83,,157.0,-1,-1,-1,1499.0,2769,2769,Rockstar Games,Rockstar Games,test
175,1551360,Forza Horizon 5,forza_horizon_5,https://cdn.cloudflare.steamstatic.com/steam/apps/1551360/header.jpg?t=1645110065,59236,82.3751,64169,59236,-1,0.545303,2021-11-08,5999.0,5999.0,0,0,0,80745,179242,-2,20,,5731.0,7235,20183,26857,5999.0,42276,44659,Playground Games,Xbox Game Studios,test
176,546560,Half-Life: Alyx,half_life_alyx,https://cdn.cloudflare.steamstatic.com/steam/apps/546560/header.jpg?t=1641577012,58254,91.7613,68244,58254,93,0.736542,2020-03-23,5999.0,5999.0,0,0,0,16459,216219,0,131,,1510.0,11091,16812,20353,5999.0,1,1,Valve,Valve,test
177,848450,Subnautica: Below Zero,subnautica_below_zero,https://cdn.cloudflare.steamstatic.com/steam/apps/848450/header.jpg?t=1634085044,58118,84.2248,62674,58118,-1,0.651953,2021-05-13,2999.0,2999.0,0,0,0,42057,222397,-1,264,,3281.0,1479,1883,2275,1999.0,8793,8793,Unknown Worlds Entertainment,Unknown Worlds Entertainment,test
178,397900,Business Tour - Board Game with Online Multiplayer,business_tour_board_game_with_online_multiplayer,https://cdn.cloudflare.steamstatic.com/steam/apps/397900/header.jpg?t=1637667550,58089,60.5087,58089,24,-1,-1.0,2017-07-27,0.0,0.0,1,1,0,7614,25652,0,1196,,253.0,-1,-1,-1,0.0,1024,1025,Creobit,8floor,test
179,333930,Dirty Bomb®,dirty_bomb,https://cdn.cloudflare.steamstatic.com/steam/apps/333930/header.jpg?t=1591272761,58055,75.6696,58055,1343,63,0.767007,2015-06-30,0.0,0.0,1,1,0,12963,175441,0,-1,,59.0,-1,-1,-1,0.0,22689,22690,Splash Damage,Warchest Ltd.,test
180,504370,Battlerite,battlerite,https://cdn.cloudflare.steamstatic.com/steam/apps/504370/header.jpg?t=1622532236,57925,76.2356,57925,21560,85,0.775417,2017-11-08,0.0,0.0,1,0,0,44850,521343,-1,3708,84.8889,156.0,356,921,1134,0.0,11493,11493,Stunlock Studios,Stunlock Studios,test
181,311690,Enter the Gungeon,enter_the_gungeon,https://cdn.cloudflare.steamstatic.com/steam/apps/311690/header.jpg?t=1622216602,57420,88.4975,64257,57420,84,0.752483,2016-04-05,1499.0,1499.0,0,0,0,15767,148795,0,653,84.3704,653.0,1016,1653,2297,1499.0,11738,1091,Dodge Roll,Devolver DIgital,test
182,424370,Wolcen: Lords of Mayhem,wolcen_lords_of_mayhem,https://cdn.cloudflare.steamstatic.com/steam/apps/424370/header.jpg?t=1643116191,57185,57.2295,62561,57185,60,0.407046,2020-02-13,3999.0,3999.0,0,0,0,127542,191372,-1,1604,60.7273,4155.0,10104,16936,18134,1999.0,14909,14909,WOLCEN Studio,WOLCEN Studio,test
183,238320,Outlast,outlast,https://cdn.cloudflare.steamstatic.com/steam/apps/238320/header.jpg?t=1618944230,56970,91.1532,82860,56970,80,0.719535,2013-09-04,1999.0,1999.0,0,0,0,11684,97435,0,741,76.4615,55.0,323,498,983,1999.0,15252,15252,Red Barrels,Red Barrels,test
184,1092790,Inscryption,inscryption,https://cdn.cloudflare.steamstatic.com/steam/apps/1092790/header.jpg?t=1641581499,56962,93.5899,61021,56962,-1,0.699001,2021-10-19,1999.0,1999.0,0,0,0,17044,75508,0,116,,5599.0,4416,10614,31293,1999.0,13200,1091,Daniel Mullins Games,Devolver DIgital,test
185,489520,Minion Masters,minion_masters,https://cdn.cloudflare.steamstatic.com/steam/apps/489520/header.jpg?t=1645099419,56931,74.3105,56931,1351,-1,0.746427,2019-05-24,0.0,0.0,1,0,0,10160,276122,-1,1068,-1.0,70.0,12,20,65,0.0,12624,12624,BetaDwarf,BetaDwarf,test
186,70,Half-Life,half_life,https://cdn.cloudflare.steamstatic.com/steam/apps/70/header.jpg?t=1591048039,56873,89.9143,71830,56873,96,0.715594,1998-11-08,999.0,999.0,0,0,0,5998,37128,0,925,,71.0,-1,-1,-1,999.0,1,1,Valve,Valve,test
187,363970,Clicker Heroes,clicker_heroes,https://cdn.cloudflare.steamstatic.com/steam/apps/363970/header.jpg?t=1641346404,56853,78.9594,56853,797,-1,0.814676,2015-05-13,0.0,0.0,1,1,0,65560,34301,0,1766,56.6667,144.0,-1,-1,-1,0.0,14649,14650,Playsaurus,Playsaurus,test
188,513710,SCUM,scum,https://cdn.cloudflare.steamstatic.com/steam/apps/513710/header.jpg?t=1643358462,56443,78.8057,67328,56443,-1,0.577414,2018-08-29,3499.0,3499.0,0,0,0,68031,309423,1,217,,1241.0,4828,7290,8780,2999.0,14237,14237,Gamepires,Gamepires,test
189,1238840,Battlefield 1 ™,battlefield_1,https://cdn.cloudflare.steamstatic.com/steam/apps/1238840/header.jpg?t=1633006806,56132,84.4528,69769,56132,-1,0.610408,2020-06-11,3999.0,3999.0,0,0,0,43290,64026,0,363,,2129.0,156,416,747,3999.0,3489,668,DICE,Electronic Arts,test
190,223470,POSTAL 2,postal_2,https://cdn.cloudflare.steamstatic.com/steam/apps/223470/header.jpg?t=1640285195,55875,91.4166,65828,55875,59,0.741717,2012-11-02,999.0,999.0,0,0,0,4571,-1,0,707,,171.0,23,41,74,999.0,8140,8140,Running With Scissors,Running With Scissors,test
191,356190,Middle-earth™: Shadow of War™,middle_earth_shadow_of_war,https://cdn.cloudflare.steamstatic.com/steam/apps/356190/header.jpg?t=1575317164,54949,82.3528,73921,54949,-1,0.630432,2017-10-09,4999.0,4999.0,0,0,0,67943,295582,0,475,,303.0,1634,2658,4075,4999.0,53264,6898,Monolith Productions,WB Games,test
192,620980,Beat Saber,beat_saber,https://cdn.cloudflare.steamstatic.com/steam/apps/620980/header.jpg?t=1622461922,54928,91.0792,60149,54928,93,0.748753,2019-05-21,2999.0,2999.0,0,0,0,42095,140944,-1,90,,1227.0,232,500,3567,1999.0,8396,8396,Beat Games,Beat Games,test
193,438740,Friday the 13th: The Game,friday_the_13th_the_game,https://cdn.cloudflare.steamstatic.com/steam/apps/438740/header.jpg?t=1591725284,54787,78.3781,65087,54787,61,0.595797,2017-05-25,1499.0,1499.0,0,0,0,16077,210204,0,863,61.0857,836.0,1860,3298,4637,3999.0,10858,902,IllFonic,Gun Media,test
194,231430,Company of Heroes 2,company_of_heroes_2,https://cdn.cloudflare.steamstatic.com/steam/apps/231430/header.jpg?t=1637248881,54768,77.1724,90503,54768,80,0.597131,2013-06-24,1999.0,1999.0,0,0,0,161908,140718,0,349,,30.0,67,169,268,1999.0,"52,53,5192","50,52,53","Feral Interactive (Mac), Feral Interactive (Linux), Relic Entertainment","SEGA, Feral Interactive (Mac), Feral Interactive (Linux)",test
195,534380,Dying Light 2 Stay Human,dying_light_2_stay_human,https://cdn.cloudflare.steamstatic.com/steam/apps/534380/header.jpg?t=1645179241,54468,78.8737,69278,54468,-1,0.371178,2022-02-03,5999.0,5999.0,0,0,0,274983,329015,0,7,,3806.0,-1,-1,-1,0.0,3064,3064,Techland,Techland,test
196,331470,Everlasting Summer,everlasting_summer,https://cdn.cloudflare.steamstatic.com/steam/apps/331470/header.jpg?t=1632595734,54311,88.8833,54311,582,-1,0.705783,2014-11-19,0.0,0.0,1,0,0,1907,66654,0,-1,,1030.0,-1,-1,-1,0.0,9886,9886,Soviet Games,Soviet Games,test
197,286690,Metro 2033 Redux,metro_2033_redux,https://cdn.cloudflare.steamstatic.com/steam/apps/286690/header.jpg?t=1600354146,54073,89.0785,62697,54073,-1,0.731654,2014-08-25,1999.0,1999.0,0,0,0,5092,79656,0,1174,84.9091,252.0,135,219,335,1999.0,13972,3572,4A Games,Deep Silver,test
198,268500,XCOM® 2,xcom_2,https://cdn.cloudflare.steamstatic.com/steam/apps/268500/header.jpg?t=1643925173,53715,72.0455,76226,53715,88,0.434334,2016-02-04,360.0,5999.0,0,0,0,132677,286867,0,61,,320.0,2224,3838,4593,5999.0,"52,53,3515","52,53,528","Feral Interactive (Mac), Feral Interactive (Linux), Firaxis Games","Feral Interactive (Mac), Feral Interactive (Linux), 2K",test
199,1151640,Horizon Zero Dawn™ Complete Edition,horizon_zero_dawn_complete_edition,https://cdn.cloudflare.steamstatic.com/steam/apps/1151640/header.jpg?t=1635442187,53690,85.1644,70461,53690,-1,0.628078,2020-08-07,4999.0,4999.0,0,0,0,49582,215200,0,38,,2263.0,7906,11910,14308,4999.0,54382,54088,Guerrilla,PlayStation PC LLC,test
